,sentiment_new,ret
1,-1.3284623107691513,-0.22611135243339409
2,-1.5644147086296896,0.2865405735816764
3,-0.3224377111782542,0.04978193074035864
4,0.9161988478845933,-0.23545701001027297
5,-0.36595477568308543,-0.1735428769210876
6,-1.3674954455700208,-0.4306300373914477
7,-0.35174783289563083,0.03649210403683223
9,0.5952161250713627,-0.061109161509398824
10,0.3819087281708658,0.1671545451470524
11,0.5186668771719849,-0.3333000094914599
12,1.268573100748997,0.4906061122336274
13,0.7430592543779586,-0.18026642617443256
14,1.4769497959881905,0.1584075762714352
15,1.1908345044615747,0.4817518895069939
17,0.6020918396708281,-0.046494153839819696
18,0.8244764555693519,0.20218610110778412
19,-0.16781929872135673,0.9038094010802877
20,0.7909443125004626,-0.2515753366974396
21,1.020677055992713,0.27303340881256144
22,0.6521873384419524,0.13851563038653758
23,0.11286625590927474,0.4325543958240581
25,1.1380304461376904,-0.1731929579228647
26,0.8381912396557457,0.20589595415364093
27,0.39147262410494443,0.3663751139493183
28,1.0833401659944515,0.3097241784092306
29,1.4718407991090627,0.23216978104098263
30,0.7373727340932607,0.4445627663855607
31,0.48507356701217585,0.004147555685470872
33,-0.20854991557740704,0.22285638853500744
34,0.44955400030838427,0.2354012596968651
35,0.8088168369454325,0.7971989795043235
36,1.0836297021181809,0.21789284457853775
37,0.33706691730409566,0.4304777654940941
38,1.1271022556642343,0.4275624895935246
39,1.7347244029646538,0.07318072363587347
41,0.0857053023310407,-0.3027372123833163
42,-0.325873983145059,0.4166037870457424
43,0.06677422960097447,-0.02399658363340451
44,2.1349545130110337,0.04279699672193704
45,0.8810893918073661,0.13636902523427263
46,0.36787751811936803,0.23972033331298315
47,1.5933182443288192,0.4237095760935856
49,0.010975513867410691,-0.06398807806177553
50,-0.6226371571997745,0.5175764482574496
51,0.0055016390321611305,0.585263608846438
52,-0.1854063578207547,0.12453183898263709
53,0.08923609419864899,0.03186421859155253
54,0.37593165001333934,0.6965765197910445
55,0.9198975877331163,-0.2961843748534505
57,-0.16172780899207023,0.11312061473462687
58,-0.11970720146169624,0.20824224670520008
59,0.25171479003984837,0.07944957801747332
60,-0.07519295038156422,0.3162281333205186
61,-0.1538560917488001,0.22206192482568943
62,-0.6218978325261253,-0.11679706719331162
63,-0.03543950679306044,0.21312753560095854
65,-0.6281109509438257,0.09256092974261354
66,-0.6281109509438257,0.08082434529285609
67,-0.6281109509438257,0.047953935547907056
68,-0.6281109509438257,0.28219629337809593
69,-0.6281109509438257,0.31523269697134215
70,-0.6281109509438257,-0.20052999851220787
71,-0.6281109509438257,0.1494834961371343
73,-1.782975550160946,-0.21754291970680284
74,-1.3077079835352543,0.3407368616102071
75,-1.3270048586611034,-0.08208931246808715
76,-0.6360345989905227,0.7467624194670555
77,-1.1803394006099888,0.24976280501474735
78,-1.6840880936322657,0.3924214825009995
79,-1.0796189099789564,-0.21099989200591507
81,-0.281533388866206,-0.07135579403202319
82,-0.19611007974804193,0.2809199517266223
83,-0.3521315888827297,0.23921753033834436
84,0.05095143115860356,0.16515354788117742
85,-0.1511012372308986,0.11979709802710015
86,-0.8787327141504422,-0.08966948818295717
87,-0.380406532798376,0.4272753981944182
89,-0.11336004740223345,-0.019926971847202046
90,-0.8830200058075114,0.32797266170547723
91,-1.4472429546599095,-0.06294387386653122
92,-0.5155774432284785,-0.26608459037580023
93,-0.43134582603399124,0.29766774697846965
94,-0.4160324992635302,-0.20357070701410407
95,-0.5040900397420416,0.496410104572486
97,-0.8613866905290368,0.028445779821258954
98,-1.0999508655970975,0.42376863873844073
99,-0.533247036949563,-0.03210396763062795
100,-0.6530469647671735,0.13449416469192332
101,-0.5728767759149751,0.4632609177027165
102,-0.9188801393261575,-0.04584879374318951
103,-0.1856398761446598,0.26313636852090405
105,-0.00671465269069663,-0.16526067916003817
106,-0.41334876983570645,0.5068458921220347
107,-0.22448153840797133,0.20854430094308363
108,-0.4542826742169149,0.25894015440062446
109,0.021284548714060797,0.37110861277019724
110,0.19227819340212765,0.10163416861185914
111,0.46691948581739506,0.3562038939574943
113,0.680049771431563,-0.22917648016237746
114,0.4347287857881861,0.30138383307368954
115,0.14867328280211758,0.0028146440708540776
116,0.26089668966583257,0.06829884719165591
117,0.4081172007514526,0.4066559588620746
118,-0.10534571506841521,0.05281722727844529
119,-0.3822910679208045,0.09540706083701522
121,-0.3860685311046911,-0.03618949752584699
122,-0.2661240906624909,0.9010176726659844
123,0.16525236208771385,0.1623490934209466
124,0.6043568222594625,-0.23878906341618877
125,-0.2944987605338751,0.06913648815882834
126,-0.43855624455467007,0.9189196552480814
127,-0.48935955595976255,0.45616239038460704
129,1.1078048939911955,0.04944355793842847
130,1.2820966474623083,0.47767944332514456
131,0.7833336764794188,-0.3251331375655303
132,1.4054549057184886,0.045121145475862434
133,1.6713418599602223,-0.005039148038766483
134,0.05755928531166025,-0.10120584995555093
135,2.362051962848238,-0.014733896591350604
137,-0.04281366466145913,-0.10794011682440208
138,0.09037317120023314,0.29063048735949826
139,-0.14231238664334475,0.17161678620492538
140,-0.04878542323637344,0.0382555558505
141,-0.36484474259615285,0.3791426635389792
142,-0.7954877497845892,-0.1466803823793431
143,-0.11496524767368581,0.21225348082086115
145,1.2362063517281576,0.006913633376797845
146,0.44790402958631964,0.27679680892090297
147,1.849539070962707,0.10021823496101812
148,1.4511632409126491,0.17736197583061664
149,0.6050568339201488,0.52272696465544
150,-2.7248004993963004,-0.12563597216034006
151,-0.3428266009267612,0.009003461082450315
153,-0.8910362356753713,-0.05597474472761377
154,-0.5694635176302637,0.2097118798903037
155,-0.7090084467540768,0.06210105407453792
156,-0.6297842353854175,0.10255589921835284
157,-0.5619874362346515,0.26983549314808153
158,-0.31668056856890825,0.06277353170142996
159,-1.0088652662443043,-0.006452735299819046
161,-0.29021264469918207,-0.42608598328940217
162,-1.180921246176431,0.6807755454736788
163,-0.355162737331669,0.2595463621948624
164,0.10241231920028279,-0.1604097506880361
165,-0.4432890269281463,0.4488259624755293
166,-0.7506244821867342,0.2474314087778291
167,-0.4966574151196283,0.4385672529557809
169,0.22634390033795826,-0.1110840860235286
170,0.6440314614214042,0.2866151335589606
171,0.06742600010775898,0.315613038484436
172,0.3971026724791075,0.2995571611307364
173,0.033805686578897286,0.4960076189110505
174,-0.47885079349156223,-0.08705193619888418
175,-0.04954291233845431,0.06039120802516673
177,0.14826783491945866,0.3430186077585371
178,0.45644122985801605,0.6423723204197302
179,0.7616103905163686,0.6189302583405532
180,0.9135755962725033,0.18766794662340058
181,1.2777538894255638,0.35185413940912524
182,0.6479066232810698,0.5167054580534771
183,0.24996807751814534,-0.060163164301508365
185,-0.3832929010217709,-0.06202151585443216
186,-0.2549757051490198,0.262270531320264
187,0.18338728143232327,0.20594356285838122
188,0.3711904503734738,0.25500343148223514
189,0.08316769113353428,0.36632730962620474
190,0.3208715858964785,0.0011065165504895447
191,-0.0035896898343795885,0.24533357523055033
193,-0.9832601527250836,-0.45759581734017085
194,-1.5518477785651417,0.697706912821209
195,-1.504351122955402,-0.33704291386088225
196,-0.19038060545557495,-0.16379483538289707
197,-1.3786564002192367,-0.03745283163757607
198,-0.7588942680136127,-0.3918856342168301
199,-0.1705020956003993,1.0289036774146818
201,0.7580594961406879,-0.10915843177695816
202,0.4705658488608999,0.4164659557818904
203,0.753169761752794,0.24368117620296248
204,0.4373782217482249,0.07285477435393162
205,-0.0015490055003972549,0.15049247164039015
206,-0.6805987049394038,0.30555113430893455
207,-0.2801058107556321,0.14403687873230053
209,-0.8837827252918863,0.3606530322625965
210,-0.1547725277087781,0.5601031451507448
211,-0.2570202332058042,0.4289795132583001
212,1.1106591744274008,-0.3989746472359925
213,-0.7515496841052544,0.5378093291488251
214,1.0742409145178315,0.6983003035910669
215,0.006358708125822791,-0.20675501294343546
217,-0.35946529035226876,-0.024138740360812982
218,-0.25990579862633534,0.14741751098821765
219,-0.48044758460574505,-0.08462383732715173
220,-0.4267838298333721,0.2651829627681006
221,-0.6407935089481093,0.1769601762508599
222,-1.0842241196791793,-0.1633841070344525
223,-1.0905881812534992,0.38539482816842185
225,-0.6281109509438257,0.21880686054571363
226,-0.6281109509438257,0.2667434576596326
227,-0.6281109509438257,0.4334197316805113
228,-0.6281109509438257,-0.05962945947770071
229,-0.6281109509438257,0.3515439130510829
230,-0.6281109509438257,0.3260725076831905
231,-0.6281109509438257,0.04858895543711195
233,0.14587147648036816,0.2643169111470165
234,0.5680040029469664,0.13431947409112244
235,-0.15596473861612448,0.08272195223583134
236,0.1055585522779285,0.2781549816433475
237,-0.5057671111425965,0.41030801556707
238,-0.20586326686644255,0.236480193636597
239,-0.5198502033428023,-0.07971112282871118
241,-0.77625104432792,-0.3966558981836854
242,-0.5241352487736771,0.5651635052126507
243,-0.2409684818739957,0.18665267157420806
244,-0.3598679324794646,0.1666482241447369
245,-0.5736156708052731,0.27588432403921903
246,-1.2585012280798695,-0.01526178089374075
247,-0.8842436233359809,0.510820303847068
249,-1.2960764647710994,-0.24599146394483162
250,-1.983222358108664,0.5837051609962023
251,-0.8714369714708535,1.0505697968642496
252,0.1536798533886025,0.23761102403969048
253,-0.5356200086870477,-0.13208472568063467
254,-3.060283017750727,-0.384723996461781
255,-2.445403938018252,0.007785053456464075
257,0.0013033206379277809,-0.30951482593513346
258,0.0955791531525946,1.1004707973735153
259,0.06831071319094009,0.3348884769767524
260,-0.09268617885534486,-0.04608228051625929
261,-0.5897980357302731,0.2517081811091617
262,-0.9674697177799765,-0.02899628122512221
263,-0.04115018414574855,0.48547812187326644
265,0.11027811678607287,-0.12526072425845247
266,0.3481182609804944,0.3732019991870765
267,0.44499309072982307,0.5954770854182421
268,0.2515591030481251,0.024616615533831432
269,0.43295824056328625,-0.09812995650270784
270,0.5033689009653726,0.8666298338828005
271,0.8089620064087288,-0.12578408639666727
273,-0.7712017467890215,-0.3715128189478164
274,-0.9768318425943066,0.12096613390494682
275,-0.5390034578472436,0.15293342378869346
276,-0.897592394189476,0.0002840972859317059
277,-1.525555798268488,0.04866353288525027
278,-1.2590637982684627,-0.16094378287362288
279,-1.9375569120493144,-0.2303360775547757
281,0.10951253478239607,-0.18448536492336187
282,-0.3168035758076941,0.335018159171077
283,-0.432340839365176,0.39436343586464906
284,0.11772046424316893,-0.18864886726618546
285,-0.402352405991793,0.4242655941075606
286,-0.5098005873488123,0.29704650694218815
287,0.0020197046115621405,0.09188851896013173
289,-0.3416108654627719,0.026980632962163797
290,-0.5288685339125833,-0.11050817879673402
291,0.29031793065231615,0.24687223235796174
292,-0.06586589751052319,-0.17839822699074015
293,0.4027848787120528,0.38199808913703737
294,-0.6873115884125708,-0.07603885857594406
295,-0.05599079788451449,0.15107134225484198
297,0.5164754929549782,0.13717421196608792
298,0.8942281932209589,0.5199035512001742
299,0.3849200417126873,0.02857140045858131
300,0.2446193750566777,0.5165895546907568
301,0.2468572488577017,0.08293050642700295
302,-1.698461711268821,-0.08691568685609607
303,-0.028660152864601277,0.10908160007662748
305,-0.7340841239483528,-0.4743171602128575
306,-0.2675821428454069,0.40074778326920324
307,-0.36849482772566233,0.2803674240953926
308,0.11611248254361296,-0.25096887413307123
309,-1.0615576133333342,-0.1054028922630138
310,-1.1998290619508087,0.2804213380817553
311,-0.26216069346989423,0.02799469798080234
313,-0.5891219216457424,-0.20872175462988096
314,-0.45101885079253345,0.26514038210679636
315,-0.4551409191329528,-0.11813877190362909
316,-0.3976289734334872,0.19030127401959018
317,-0.1299460275488098,0.11354432087433963
318,-0.90958497151431,-0.3119719829723294
319,-0.3204284577927546,0.2839715565044709
321,-1.2254700339979425,-0.29311151360462173
322,-1.0780805045275894,0.6654631374977897
323,-0.9245487384560188,0.29863433195182076
324,-0.7778266949666915,-0.14275999944543138
325,-1.2411421487755285,0.31969273091661443
326,-2.0176844226038186,-0.16710072223211792
327,-1.3522872211017483,0.09424164889953723
329,-0.24249720503627875,0.1034843792225717
330,-0.6500980184660075,-0.09218785344820868
331,-0.05007299739298618,0.09499781244470706
332,-0.2714594698400687,-0.19187557958953816
333,-0.3212353800893531,0.3302719101126981
334,-0.10919714964344204,0.02369016302173743
335,-1.1789077273938977,0.014114821237003028
337,-0.42122411185554304,0.010123312320418076
338,-0.3093780304468973,0.22446960841256258
339,-0.4474256511386705,0.11036471497472933
340,-0.2269235917373353,-0.07643966935674817
341,0.16746525979964424,0.28255076343554597
342,-0.31111999102437665,0.03625195255235414
343,-0.2921904346997196,0.25250423887225226
345,0.4936452148249337,-0.026435476919503653
346,0.3918109933483237,0.11858106101250954
347,0.7741275954580847,0.23279524527433493
348,1.1618639278099534,0.18578961138262895
349,0.8781806180858657,0.4073212270578257
350,0.8207177812161244,0.03750513839530867
351,0.5071843472665691,0.07389460849046126
353,-0.6281109509438257,0.1917147567774371
354,-0.6281109509438257,0.040005798423275785
355,-0.6281109509438257,0.2934063388658319
356,-0.6281109509438257,-0.21458968264457268
357,-0.6281109509438257,-0.02918317929725711
358,-0.6281109509438257,-0.5829056393510537
359,-0.6281109509438257,0.09136048700843613
361,-1.0262264052650831,-0.49815886651000896
362,-1.7662277849645298,0.2784836304682472
363,-1.039758515208941,0.08931357878567825
364,-0.165715557871533,0.14646349398648417
365,-0.4311837814923169,0.032543239914791355
366,-1.3738199103121833,0.06325805903590931
367,-0.428730286194865,0.8202079001012974
369,-0.19619551743462957,-0.26135171007053615
370,0.400129863677567,1.0463481681720133
371,0.35128569940651017,0.20411474588091583
372,-0.16143541034903883,-0.15252574216854387
373,-0.5210289693294613,0.1436231272440145
374,-0.1307885002267675,0.0857854677247234
375,0.5097097055840037,0.4089535856194093
377,0.25284591494747316,0.05713197735988329
378,-0.6076776151094999,0.1264478484093987
379,-0.23060904884756755,0.022540944762077908
380,0.22024651527855113,0.34343194032959135
381,0.46230763474802655,0.1802469080550564
382,-1.6183641720212296,0.11922982692193052
383,-0.5091314389982202,0.19752672217800082
385,1.2862762986626801,-0.010314601158652792
386,0.6050911922608923,0.13925951258331848
387,-0.598781643048918,0.1954195573644213
388,1.3330532374505333,0.02945589602480414
389,-0.91052005034079,-0.17288554687590574
390,0.40734055790832036,0.27160405504174423
391,1.4701046041157866,0.01881848532895014
393,-0.4071405412172669,-0.08990812431095407
394,-0.5612587507262267,1.0344762743188447
395,0.4609212185297381,0.0766268033776949
396,-0.46138623886552027,-0.033225497509982826
397,-0.12631792624317456,0.5716653570842025
398,-0.5987049794299926,0.1652540585205915
399,-0.4558382142384942,-0.02254802542861889
401,2.450636336624227,0.21839546384432618
402,1.5570274111283464,0.20660348641506698
403,1.7587404290335353,0.04975753829143703
404,1.157819042072129,0.19893049284806907
405,1.516370271007126,0.39786616578820677
406,1.01155575581926,-0.17847587128002895
407,0.9220681963851042,0.3550657628278313
409,-0.6281109509438257,-0.301794124250249
410,-0.6281109509438257,1.2669292206301281
411,-0.6281109509438257,0.3475176981373804
412,-0.6281109509438257,-0.07388325100326232
413,-0.6281109509438257,-0.2220250391603159
414,-0.6281109509438257,0.05610046814374403
415,-0.6281109509438257,0.6632751927204852
417,0.017488596736948917,-0.013214440536811312
418,0.026360127910346344,0.36368128586153614
419,-0.08574924851024078,0.04346150242484992
420,-0.9874898209766012,-0.018972274009533496
421,-1.1132927193713733,0.23441925662853857
422,-2.246615360654086,0.2148985037958966
423,-0.9131181636813896,-0.0889489390216861
425,-0.13287646072939108,-0.007652889731669998
426,-0.5923879102051198,0.4012489750582051
427,-0.752196216120625,0.3779533406778468
428,-0.5564034963158737,0.15982225042733322
429,-1.1337795510692543,0.22680999897834497
430,-0.6949360991376532,-0.10858407459108987
431,-1.1071156784278213,0.36099797073646966
433,-0.55425882062912,-0.31098798674588124
434,0.5116801081763711,-0.10409854520469441
435,0.3697085249417618,-0.3819914462775139
436,0.055517960357210905,1.3618569227838755
437,0.21041947840580794,0.47631599977745065
438,0.7008129619334406,0.732371580523786
439,-0.628227722269458,0.011904527409951404
441,-0.37050723555877796,-0.2744449565159247
442,-0.8002097956834032,0.6355192135585637
443,-0.10138740229395546,0.11902566729675312
444,1.069120491888855,-0.06953432570808638
445,-0.3117615278219286,0.1429454821661149
446,-1.0838186150326814,0.5223169052635401
447,0.8737357824486308,-0.06495732669599219
449,-0.6281109509438257,0.14125858403095504
450,-0.6281109509438257,0.12631561358571264
451,0.47076894987630175,0.01839259233592183
452,0.688229002717238,0.28282068370172087
453,0.3690887530218486,0.30832731726402907
454,0.17937643777956863,-0.13628216742310095
455,0.4662255884330647,0.14699341505345886
457,0.36323271158698794,-0.09782512599488369
458,0.4871416034073635,0.2918838411927078
459,0.38929830147607203,0.46484151912015315
460,-0.2795186699339372,0.21876841493818278
461,0.05889720899333191,0.02840998062724953
462,0.4012439188879381,-0.058703467548487764
463,0.5231895927961207,0.38936131397076057
468,-1.22915671558527,-0.39532563323534586
469,-1.301120085926113,-0.13982140824139178
470,-1.23229633162113,0.5535983239498508
471,-1.1139815566649258,0.0393860496522116
465,-1.0707012216954548,-0.08559754242803719
466,-2.0116210066474025,-0.18744042598316935
467,-2.3678025804749274,0.3237727503790988
473,-0.19020878131537894,-0.205414706572419
474,-0.28120462082071224,0.5020753445701871
475,0.042185221233630645,0.06039191539887212
476,0.19958432386422573,-0.13650861563378458
477,-0.15665287041625153,0.3343904150190564
478,-0.4549520415137425,0.15499807661456821
479,0.11255961765181227,0.35975331123145327
481,-1.2814176980446461,-0.5029875728045616
482,-0.8358413979868431,0.6090358332745343
483,0.17244960328865983,0.06096690937416094
484,0.19966359861973834,0.3048939415084433
485,-0.5082732021913021,-0.10472267543085167
486,-1.1030329879733234,-0.1696701679862802
487,0.8697869167987795,1.073338293441151
489,-0.09193006019451627,0.10882351308588789
490,0.12898142055819747,0.16585237105039297
491,0.5699208529119394,0.5326307578699196
492,0.5581754172323347,0.2553324544935134
493,0.613928527275943,-0.08022654843186428
494,-0.8103195732374534,0.4359859823168206
495,0.22488003391612016,-0.08995811221296302
497,2.162786017817591,-0.34097866626283213
498,0.971169460300548,1.1473326405337176
499,-2.0234486769112596,0.08182621365923848
500,-1.2228035040132903,0.3783443464057794
501,-0.7414414959386919,0.15002174225636344
502,-0.8840400682098684,0.14534799764973783
503,-0.03615307690211176,0.14070118570780887
505,1.506529464848902,0.159551176418967
506,1.2021987304177093,0.3210410452935242
507,1.1294550681298081,0.5507646421680388
508,1.3921105381170644,0.2571062806509019
509,0.8257668760270268,0.11150625907319123
510,1.516762298296457,0.4909823246866034
511,1.4117657552484477,-0.027828278035944676
513,0.7445516405742585,-0.11513019345630804
514,0.2935041335816315,0.10151639310274363
515,0.5456922787030476,0.3376991162510623
516,0.6800408595088638,-0.03331531973325996
517,-0.15707963717495824,-0.03974633179651621
518,-3.0553944105304907,0.12736698084176346
519,-0.39313661835401587,0.1491717164173274
521,-0.15618803133991682,-0.0211832542137127
522,-0.18682390495009196,0.5813256394765474
523,-0.4105376785717452,0.09166167025550487
524,-0.15331232660910568,0.22890682706525767
525,-0.7836672560917861,0.174171010531607
526,-0.7625491699603045,0.14532024678707445
527,-1.2232974305024753,-0.24929958948559316
529,-0.6281109509438257,-0.07164927679011235
530,-0.6281109509438257,-0.14696770899379197
531,-0.6281109509438257,-0.0934342215274836
532,-0.6281109509438257,-0.03357552745221548
533,-1.0537232791325062,0.1721607604396016
534,-0.8284613853339231,0.028228780027955258
535,0.22420811224654436,0.45027562290691114
537,-0.6281109509438257,-0.2111867981539416
538,-0.6281109509438257,0.4228649993307547
539,-0.6281109509438257,0.043869966490230894
540,-0.6281109509438257,0.07014966182566984
541,-0.6281109509438257,-0.010445772926969576
542,-0.6281109509438257,-0.12567152208325771
543,-0.6281109509438257,0.5875414784842035
545,-1.1611610564887764,-0.03143887886096819
546,-1.2459021696825325,0.10162520154839472
547,-0.8614804157360966,0.05281636499551823
548,-0.48453636500923936,0.026104674444507925
549,-0.9053375767268318,0.2270325496168446
550,-1.4793255033578714,-0.1062917323373237
551,-0.7323423579897496,0.12018796242966645
553,1.3992746292361224,-0.04150087766491195
554,0.538005773756822,0.17278108312014484
555,-0.33163451536649624,0.045807030551822336
556,1.6833673278751091,0.0280951854274063
557,0.45186200177774627,0.19053846658164741
558,-0.7853981639389296,-0.2667027287035849
559,0.17532257524608627,-0.009129198935028171
561,-0.8469582146967942,-0.03430906741135897
562,-0.6302955072819308,0.41429971453671266
563,-0.06080252253959018,0.16629575154743237
564,-0.5507667579178464,-0.23409249815864153
565,-0.2185209055454714,-0.27418326158008366
566,-0.450592465162459,0.37739601613532936
567,0.1977088141921743,0.13511208302793087
569,-0.7446846654348521,-0.24506330782827856
570,-1.0333277155783744,0.6233497124200076
571,-0.3730588674244801,0.0944886854133733
572,-0.37538662270976164,-0.06585739931809498
573,-0.27096008591323434,0.14019798593093014
574,-1.0622979516469626,0.26373353504398933
575,0.15311517482885212,0.3604822954786666
577,0.6696718009571909,0.15791033539280175
578,0.3043512652932109,-0.13845963670943096
579,1.2534801393100676,0.33714258681574916
580,1.520196015890514,0.20718692079311385
581,1.5289670750691482,0.29178596450578964
582,1.8709129430611622,0.32647241264814886
583,0.9092864800634712,0.07918032637785699
585,-0.6281109509438257,-0.12336643949720949
586,-0.6281109509438257,0.5572812406460201
587,-0.6281109509438257,0.07017566202214676
588,-0.6281109509438257,-0.08390905319176334
589,-0.6281109509438257,0.30006286305735297
590,-0.6281109509438257,0.13771728814996442
591,-0.6281109509438257,0.07782703196961172
593,1.1590726471257506,-0.018089269299982336
594,1.4741291765084228,0.33381525658586275
595,1.3857698226987514,0.13204083405466638
596,1.4683186029084805,0.16852339138508632
597,1.0889681870886556,0.4995359445802574
598,-0.11883047586155301,0.47641303529765944
599,1.3202348435798836,0.13646244857802659
601,-1.2292288867518069,0.1682486046702063
602,-1.1297225503063955,0.44373255555040925
603,-0.9523387002416589,-0.014646824306902118
604,-1.1901679538881413,0.14868120525426898
605,-1.1075000020533083,0.14935343961937697
606,-1.5661690193966786,0.19199153894643017
607,-0.20652639825011668,-0.030111248690098735
609,-0.3294715536145133,-0.02307419038631131
610,-0.15630743002037584,-0.061984495033122866
611,1.2216083304183931,0.275646191238617
612,-0.005684826908057853,0.04292428835876305
613,-0.8908988752944765,-0.25195276895983987
614,-0.7220717441528804,0.45394919742238793
615,-0.6942592309049777,0.35365070846384405
617,-1.012750394212248,-0.18625351906593723
618,-1.3002176219796115,0.42053978068077247
619,0.9638181944774452,0.2543826803822322
620,2.0935947419834204,0.13585148590514873
621,1.279586396435127,0.3896319368624144
622,1.8116113875960633,0.04480528378030568
623,2.5733384130124324,0.32938872301001343
625,-0.6281109509438257,-0.006336847112262234
626,1.1576751051950478,0.49894242564340985
627,1.0960256189545163,0.2588086541351704
628,0.1828510253375965,0.14370860992683565
629,-1.2624710639136154,-0.40362157898463813
630,-0.02429749504778021,1.101624856307521
631,-0.033284062195165116,-0.18722968433693632
639,1.178905397217694,-0.5088744882101939
633,-0.33126001188512977,0.19668688120801314
634,0.5876538599501383,0.07046529106207888
635,0.04081191746211631,0.21812681276921864
636,0.5716442111685162,0.1606697056350499
637,-0.05562017056242953,-0.05413609931241914
638,-0.09855723838014098,0.15427951642728055
641,0.2400126002963264,-0.17616850284452368
642,-0.6974438687741648,0.034840983151804394
643,-0.887335046872658,0.1269498258023649
644,-1.7834586266477905,-0.23269835902673308
645,-0.6750310075876566,0.5806393525084717
646,-1.9830898469814313,0.28056499244129585
647,-2.1119734000017387,-0.015088670756591038
649,-0.8302297573147068,-0.6641424293008569
650,-0.0952512961873336,1.1694132572847256
651,0.059626421594546154,-0.23116197177773123
652,1.1786713761283591,-0.260131673311227
653,0.82671857044005,-0.0953677440533861
654,0.3650714301823454,-0.09691244548441036
655,0.9626695538709753,1.9774119464480795
657,0.2280800872221147,0.20092856437082918
658,0.032377630030253145,0.45433933074179844
659,0.37466303497890235,0.21743509662748695
660,-0.015160171253532114,-0.29312543929492674
661,0.2110361283145846,0.23956118082751732
662,0.6500675334257344,0.20331279613851172
663,0.7181606073788133,-0.12962740082859037
665,-0.06077897365558757,-0.04856589330189265
666,-0.5742204813990897,0.5230981128576531
667,-0.7297506265264605,0.23877462159463314
668,-0.7483964447480707,-0.1457033824258358
669,-0.4761533677603363,0.03934785080254466
670,0.11040480556526401,0.7345180711482688
671,-0.2749914213118135,-0.05264071422063221
673,0.14765270141609135,-0.04385812975172598
674,0.05533240747713323,0.18777000225669394
675,0.6772294682074687,0.0727604360756604
676,0.5904449379063452,0.2599652635079157
677,0.8195093520691068,0.2906734319709967
678,0.16863114039488442,0.06756070943798509
679,0.18472202633901938,-0.14024373650046118
681,-0.6281109509438257,0.13979215710030868
682,-0.6281109509438257,0.07448465858080877
683,-0.6281109509438257,0.06436550347212933
684,-0.6686505007183101,0.06554084078889266
685,-0.6281109509438257,0.2220233908381255
686,-1.307645705494917,-0.1990935224610707
687,-1.0558697307165037,0.22194510686205082
689,0.3604526052699185,0.10589671510988952
690,0.6326237705829509,0.4126973675847019
691,-0.05262314528975834,-0.13016474943273637
692,-0.10797809754943999,-0.03123638156920283
693,-0.2926923405628228,0.4470880184119679
694,-0.687356107480468,0.16571065974605403
695,0.29740045213494815,0.2800131221701283
697,-1.6239557264035331,-0.007585653894102484
698,-1.2803227803570874,0.23940999080549963
699,-1.7150470102493311,-0.1924259765772487
700,-1.6111936179336626,0.03071293013258969
701,-1.986439505439272,0.3831712652989081
702,-2.208345723813096,-0.21662216785017763
703,-1.9416182511912852,0.07973851736426685
705,-1.37504909069686,-0.19046579641732386
706,-1.8545706853700552,0.39474503342150435
707,-0.8795964894862079,0.2246707782142483
708,-0.6228352224517584,-0.1418352779963138
709,-1.4631025847245733,-0.032715579459661304
710,-2.693870005244259,0.4926299581214628
711,-1.1808038342303315,0.1732731906901872
713,-0.2014069568246404,-0.2906365898649438
714,-0.5831685140090158,0.5589235385159363
715,-0.024699099207637083,-0.0068185571167674874
716,0.968604164567923,-0.051771690324689534
717,0.3449415376122668,-0.1958802439930396
718,-1.006061627261472,-0.17573773952521798
719,-0.5815906739078889,1.0752420997144738
721,0.5788049775484416,0.32746255086951725
722,0.5267220064876961,0.43474691437902147
723,0.1306422331734822,0.12260776307170707
724,0.6316525331911241,-0.03875667529652416
725,0.13012149793412078,0.5642335336760873
726,-0.0304734331510345,0.18755256133394393
727,0.11765824296667055,-0.04979623449612203
729,0.34665392422970587,-0.06608620398467713
730,0.06468907485381384,0.059668500678285774
731,0.13255651254746748,-0.05654155668614613
732,0.02034293393699324,0.3414129393607668
733,0.28121529767272463,0.18794670338807506
734,0.8249461195719889,-0.16665558234675515
735,-0.10295293275117225,0.31379134456912805
737,0.4701651042677454,0.04598712337879718
738,0.12190788398034315,0.08176337179181248
739,-0.09242834128105287,0.042223205418382426
740,-0.6207767548179768,0.27167450230203083
741,-0.3545912471112567,0.3364826389057569
742,-0.7623646550475659,-0.02865508166311892
743,-0.5961777154693964,0.003527690974307607
745,-0.5367113583618791,-0.11875093573787043
746,-0.6292607430453121,0.2221147570034181
747,-0.7609781415198393,0.02697367296616071
748,-0.39929137543625964,0.2614609867744835
749,-0.5201836422413214,0.1705488907314583
750,-1.5329216767255345,-0.11303249603365506
751,-1.627204174936706,0.20535843532236342
753,-0.6281109509438257,-0.21844756170336632
754,-0.6281109509438257,0.3878926545970163
755,-0.6281109509438257,0.17405509761850446
756,-0.6281109509438257,-0.04732401897083849
757,-0.6281109509438257,0.4166255804125545
758,-0.6281109509438257,0.22063813734758542
759,-0.6281109509438257,0.24381448742736334
761,0.8069039928856578,0.2013070389119982
762,1.2061676337026743,0.1429655791859421
763,0.95900496152608,0.39771975769789036
764,1.4089635840163053,0.37253504985344366
765,0.7792796598726596,0.33373727611600024
766,-1.5332480769080363,0.14302396114979765
767,0.4526569712317071,0.23765187212105565
774,-0.20658770319607372,-0.543171193784584
775,-0.2617059826842341,-0.07961797808631166
769,-0.5926459667256474,0.09082393218938578
770,-0.5298501753051591,0.3408856487988028
771,-0.07735905036292362,0.06478172583427089
772,-0.5346183134411185,-0.10077570970800886
773,-0.14219987260562608,0.4292214868655939
777,0.9287082356347883,0.006372038863690532
778,-0.6097051707784684,0.2441808913504866
779,0.3452976252824867,0.12380301651777503
780,1.2043155026231094,0.18813274618117792
781,-1.002488513897442,0.04220424251170063
782,-1.7693577592569052,0.3269653115614437
783,-2.387928086011175,0.12900081188807833
785,-0.04494364662307076,0.33180291354565217
786,0.41035985893317967,0.19715483403070055
787,0.952728454118625,-0.14455955653846198
788,0.9745881111499501,0.23032946913434738
789,-0.4066490150275533,-0.1277250487333489
790,-1.5467947508311188,0.3779027887641584
791,-1.015059985069098,0.2815688774861056
793,-0.28144263970612604,0.28627792134998775
794,-0.09788658173325945,-0.03826917996201018
795,-0.3535994936462459,0.11551981588991334
796,-0.30767797780072825,0.28935425417596905
797,0.14311430275419368,0.15393909616398305
798,0.4147966016688186,0.09333623506386024
799,0.5450380916785521,0.7178484389653783
801,0.7941967345023552,-0.26802988978990017
802,1.1771421664188861,0.1776724217636909
803,-0.028669275624416336,-0.10370320272646527
804,-0.34519743996572916,-0.15802160858213843
805,-0.9363327735460412,0.03652453652212362
806,-1.347399984322764,0.41357998491107395
807,-0.3277207946420123,0.5483889842759488
809,1.5383347870670454,0.024635900556322143
810,1.4533768846636042,0.23226119299868797
811,0.2698281796712943,0.09224915360613939
812,0.9593228309145149,0.19127000863048393
813,1.6155171139519866,0.2547247390543579
814,-0.0030783287375481137,0.28529019241019093
815,0.838723416863195,0.12716009085747304
817,1.0169934153253242,0.029770694682451193
818,0.8577665819567486,0.27477012986150995
819,0.7188466389169029,0.09395067430507642
820,0.44710639223193294,-0.2570316385145084
821,-0.34033672000860693,0.6293650912986934
822,0.2660885049858413,0.26588311228064243
823,0.909540879370953,-0.007594765692178207
825,-0.6281109509438257,-0.04323101867089518
826,-0.6281109509438257,0.37714307490319876
827,-0.6281109509438257,0.07562199359513544
828,-0.6281109509438257,-0.270648756389145
829,-0.6281109509438257,-0.03582858471292816
830,0.875090451462763,0.908897373521423
831,0.20293160634995494,-0.2451713245813686
833,-0.3913998962679503,-0.08761970604946168
834,-1.5485871825704547,-0.029605997584276622
835,-1.2889262240287203,0.07620573232806782
836,-0.36235291548923815,0.30904786379834115
837,-0.27376207874474007,0.3542314012235983
838,-0.6581741504020926,-0.36613375973578655
839,-0.27455689412542406,0.3897514713438539
841,0.6689569658254451,-0.11972658167566452
842,0.442264793579383,0.4464763476200624
843,0.5050548275247881,0.19669996006092183
844,0.7961125302817497,0.1620532331842799
845,1.5620826769794436,0.3861224429008112
846,0.2105912295639255,-0.087096180229011
847,0.9954925625193634,-0.16180152102749534
849,1.7293472861472823,0.180074622527149
850,2.492149953873361,0.18968149358379405
851,2.329000771676797,0.260291620963397
852,1.1170970695378235,0.23032145247324776
853,0.8606038170230597,0.42750712594131346
854,0.5397880366598842,-0.10131717190206035
855,0.37535195336365357,-0.10213865678633849
857,-1.446020115606944,-0.2381128052728272
858,-0.21237949607447695,0.9537924811270944
859,-0.16376120322732024,0.23340154839961014
860,0.07636364493517572,-0.14506279392537236
861,0.4354032131757909,0.1476772578194201
862,-0.006082198107360536,0.15239925855423198
863,-0.2513372160608752,0.5479476528569713
865,0.5366073722594163,-0.4501953809713817
866,-0.19158876700163782,0.7498066450905241
867,0.40399638121548814,0.4417219115098072
868,0.5773426356411326,0.0368858608374405
869,0.7460703003188249,0.4593066133401409
870,0.4821295834923492,0.06742192226484955
871,0.39227515936771196,0.08910930528432659
873,-0.2625000763532528,0.044830743665641215
874,-0.5984363567263192,0.012645143343186005
875,-0.5982301985727394,-0.20686003617843074
876,-0.4001612974848608,0.2839464762050288
877,-0.6401725693149397,-0.0626450000214347
878,-0.5991818929857624,-0.17126056140265622
879,-0.44334192271683376,0.27152736640333597
881,0.3851672644491145,-0.043831730343475095
882,1.422211388218728,0.46427768155280824
883,1.4550734260608846,0.16961068082234076
884,2.085348902387416,-0.17827448932296353
885,1.2896558392271154,0.11913520663014876
886,0.2574653723712473,-0.09861269554672003
887,-0.22554616042382464,0.3401295813352736
889,0.632265071776144,-0.11580557031771821
890,0.31461959235828635,-0.22280674811150825
891,-0.6521855167488005,0.2301324129682334
892,-1.1380992386600666,-0.12047195658118692
893,0.3184154713533196,0.04061304200402027
894,-1.1462159810682881,0.027712537009555227
895,-0.05097645065210745,-0.03285272990471699
897,-0.10854859845723225,0.3031831199340098
898,-0.38434857056932575,-0.23531287425705438
899,-0.1958443601092698,-0.1359179931277681
900,0.46723554687210644,0.2565776426778952
901,0.24515429314663148,0.22573360173175172
902,0.9258045949861435,-0.028259137142553903
903,4.751393061561357,0.30407972273034645
905,0.3096328404606796,-0.2567473510403131
906,-0.17417041003129916,0.5382762942947525
907,0.7341651311966992,0.10061686306893725
908,1.1429633940251878,0.18753934955728058
909,-0.4248557406283068,-0.13664246721818885
910,-1.566773051514991,0.35238718565328875
911,0.5755692684425299,0.16659993683488894
913,0.052560012933027374,-0.25587914506886456
914,-0.9927171299141303,0.3714533211993547
915,0.4337336021654847,0.22753554776859963
916,0.871686591647941,-0.03014244679633926
917,0.07308626306242919,-0.05559735432739432
918,-0.9147442287181788,0.5467766286648013
919,0.20824174994660447,-0.08728965992906179
921,2.7681745729322595,-0.07832217617713022
922,1.6839571528154698,0.18612736502146077
923,1.9268010537317934,0.002031169804055155
924,2.7820927823988484,0.0997873978614583
925,0.9596192354627449,-0.04771971836210964
926,1.5505063732122493,0.08664375494681265
927,1.137689425212125,0.2944346824494344
929,1.2254927691111503,-0.3181132917823102
930,0.9531635732707624,0.5026034338503649
931,0.4921519528436917,0.27737112884816706
932,1.080916309529999,0.18589761676831262
933,0.5861532916519242,0.40523057256641004
934,0.2956366780251112,0.28352855250549314
935,1.0164683092703717,0.055999031622323114
937,-0.08839833577812684,-0.24036047963850138
938,-0.38719258485981944,0.7520271935991576
939,-0.6195750643495427,0.04004784330687117
940,-0.07235088227983119,-0.22195930345937953
941,-0.3627686700632081,0.26135335000736015
942,-0.24793113434721828,0.3093176948859857
943,-0.20599160990608023,0.22199493687856564
945,-0.7739326064213295,-0.12121721772933236
946,-1.173871566629133,0.2752288504931244
947,0.8670771814236431,0.07534299037572723
948,1.1589069453710303,0.16803593895740598
949,0.8697122561324535,-1.2649526628383256e-06
950,-1.4479601414364074,0.26580304725373693
951,0.4452716552144147,0.26767988679596
953,-0.6281109509438257,-0.3047499840405644
954,-0.6281109509438257,0.9828389322068509
955,-0.6281109509438257,-0.1544522249660777
956,-0.6281109509438257,-0.3416236532879108
957,0.4080605423311615,-0.2567010243847567
958,-2.1264291711313477,-0.08807694396941779
959,0.6196586827344761,0.7392387501616178
961,0.056633102189639885,0.3623336662659111
962,0.6655371148263073,0.14284092941672344
963,0.6490290389939913,0.21034538196607344
964,-1.1896007777194815,-0.05989563358166572
965,-1.8865361870323103,0.14472164747984229
966,-1.063774825097017,0.009174040792444327
967,0.5661623975049475,-0.006799279146965986
969,0.9084816904653894,-0.21988535074809734
970,0.873713579678521,0.7484259857502398
971,0.8353126399691533,0.16083221263863545
972,0.6337477108104016,-0.07771889773053031
973,-0.04247400606802625,0.06411341418151428
974,-0.28443780799035484,0.08308606481116554
975,0.2691618695126446,0.15773488971234984
977,-0.0256370324442992,-0.06843547981896125
978,0.4809451005762062,0.3016340144740304
979,0.48633067520556605,0.1699151348275425
980,0.22886752330374835,0.43414682863584253
981,0.3721521271130145,0.09199699684177642
982,-1.235790648667718,0.18033025132332092
983,-0.3637504979655402,0.3650831619585875
985,1.8467521692032156,0.14171212447802173
986,2.3411949660481026,0.16816869635567167
987,1.6137510368521162,0.26854691323240765
988,2.44655507337482,0.024764356498737206
989,-0.058991902044462974,0.1584985725722592
990,1.188914629794903,0.35861081046467214
991,1.1222163244535437,0.18393836463470858
993,-1.2246532672298638,-0.45616927908751637
994,-1.334934053345768,0.37423613318269555
995,-1.1665903149466905,-0.17963120885751238
996,-0.5450699714874366,0.2950261370241565
997,-0.16024842982398657,0.06560893905067022
998,0.09775953329398436,0.055359868323458405
999,-0.18447864207508546,0.6827331857614771
1001,0.002619195622766637,-0.03016019964937533
1002,-0.6376825667599879,0.2634345497296171
1003,-0.5443543173345875,0.1482559898917879
1004,-0.3295116369938605,-0.0861889736646978
1005,-0.7086260936447096,0.2600533460171146
1006,-1.0139405940578752,-0.12791868919902238
1007,-0.44747914700222585,0.4535780193953465
1009,1.6023206648054824,0.011863105585943945
1010,-0.4816924966829027,0.2331209693016878
1011,0.8556900796404524,0.23874207259538527
1012,2.2296529766332913,0.06898667960048188
1013,0.39315418795788853,0.23111097069846798
1014,-6.078179810655648,0.15487792107412557
1015,-4.672329875844083,-0.0593270079259649
1017,0.4995902376317501,0.05749841927608723
1018,-0.1395081800221239,0.11631832291885114
1019,-0.2225868831039881,-0.16992785978853542
1020,-0.22255260585444311,0.1008064748001738
1021,-0.5408628222617023,0.1829247576619304
1022,-0.79709302303812,0.002286637557861182
1023,-0.21902597396531043,0.08555540047033983
1025,-0.44288267082406574,-0.37421727845092145
1026,-0.9738472161658638,0.3933583866204231
1027,-1.6174026493549656,0.11221511871005263
1028,-1.6038718449794014,-0.04075060009914733
1029,-1.572857624165058,-0.00855853631436665
1030,-2.0296319051132463,-0.12205921503125072
1031,-1.4012984170231786,0.23698621402850595
1033,0.1937050741283957,-0.1463267183034882
1034,0.4488136295582762,0.24653218049908743
1035,1.4370057880835512,-0.052047851290057734
1036,1.2362843290244965,0.12060922708693389
1037,0.9827472399275525,0.4837327624692249
1038,0.9078795639902384,-0.025082145940108047
1039,1.7796009938463984,0.39177653542689406
1041,-0.10142117677807064,0.03716342555517893
1042,-0.7850799134218626,0.3082179429264027
1043,-0.36808664706961874,0.30049771241845225
1044,0.4862599312441206,0.11475400106944411
1045,-0.428291250337847,0.22533558779905305
1046,0.023767374697957984,0.07461048254951907
1047,0.5506168174332756,0.11946866731788108
1049,-0.6281109509438257,-0.2282863635564346
1050,-0.6281109509438257,0.5703440316522157
1051,-0.6281109509438257,-0.12912626814681571
1052,-0.6281109509438257,-0.06159445687991072
1053,-0.6281109509438257,0.198963340004926
1054,-0.6281109509438257,-0.16849876778917705
1055,-0.6281109509438257,0.20409735442166843
1057,-0.9922096206492208,0.01815239399122559
1058,-0.3701589894074392,0.25198445221207044
1059,-0.6388859763618272,0.2019861349440204
1060,-0.5824370957272064,0.11721846708653927
1061,-0.3241142798133794,0.27122204895657775
1062,0.338907071213664,0.18946009197948466
1063,0.17074891002202366,0.1439343258131729
1065,0.9943973691217299,-0.14452858376572408
1066,0.8951680321007824,1.1083693906453211
1067,1.133848102709533,0.21941757537489903
1068,0.8999415709105522,0.19479620142166576
1069,0.34095328596737423,0.3713705270994514
1070,0.555173818416076,0.8648809428938564
1071,0.432740024148511,-0.025394031173239573
1073,0.3524343562312196,-0.04364810585045409
1074,1.1192797202327673,0.19613577584372432
1075,1.1925078456670057,0.2132561133222055
1076,0.1289510681226529,0.042131757317507734
1077,-0.11420647733067092,-0.01418071334790394
1078,-1.2430638236668041,0.018311062162851055
1079,-1.0311364043434463,0.0007163587934517768
1081,-0.1438060702988182,-0.10023551955984444
1082,1.5243253905479048,0.25501804575384557
1083,3.075013498674195,0.27838513377382723
1084,4.668724185286862,0.13872283182188405
1085,4.6483552439731515,0.3835373850107133
1086,3.590270200456411,-0.09581007812633224
1087,3.2864424341830207,-0.15210286843297094
1089,-0.44309410801465854,-0.37948355531233413
1090,0.25277252741296125,0.646083914621074
1091,1.4113631861033302,0.1204833842930837
1092,1.6466525093440334,-0.17244555923203164
1093,0.9308489135254631,0.018392444336008396
1094,-0.48454625002631896,0.14467907342401687
1095,0.8826329060042294,0.058605116477213004
1097,0.23596436549201003,0.0012525341911280297
1098,0.8619359426840489,0.22152949412444412
1099,0.3222453437787036,-0.07297258278060859
1100,0.6661837603693556,0.039875437029716965
1101,0.655379550229066,0.11346446296266754
1102,0.19036426272029522,0.1086509045083941
1103,0.7634638271642277,0.47629858640929945
1105,-0.41243117427159204,-0.28984533385677325
1106,-1.2984257578786642,0.4892912012182993
1107,-0.482702228066589,-0.05833854515413328
1108,-0.17864692799973156,0.17752510965254054
1109,-0.0598427838796902,-0.05918606691477146
1110,-0.4713306471387636,0.14151637337689538
1111,-0.5143008731474827,0.4137738042777366
1113,0.09100221184411857,0.04533700237882399
1114,1.440601825929356,0.352737053480475
1115,0.9437136429068527,0.6707251082251082
1116,1.4815429717545778,0.34753502461188934
1117,0.7226895508069825,0.11022554453784861
1118,-0.13021379068578054,0.35897044526631783
1119,0.6806863373386558,0.0634052211520586
1121,2.3068749976598277,-0.05220257791389582
1122,2.2415554859641107,0.4599235614197956
1123,3.8555973902650154,0.27558917100595437
1124,3.6818807923364796,-0.1272244823364982
1125,1.0767653483956052,0.4106044797229387
1126,-1.275260435244373,0.10146522328494378
1127,2.334984750695303,0.10627849827679903
1129,-0.3008496853340613,-0.3366930113526596
1130,-0.6306836259755012,0.3036019448820064
1131,-0.1751959298713053,0.05466612501025758
1132,0.09278203390211014,-0.41305990099404954
1133,-0.11556151936431559,0.11105672695502844
1134,-0.2226451714573662,0.2712982178799386
1135,0.6448149159251988,0.0373437530080063
1137,1.7629912296513441,-0.08949081783365986
1138,1.750272131953082,0.3898225367335846
1139,0.8220611866628048,0.15762222313188912
1140,1.3235206265007797,-0.03934753253341916
1141,0.7232525507789268,0.03562206168523674
1142,1.0894478577451698,0.3223033395184607
1143,1.929579724734652,0.2986964087052242
1145,-0.4221291382839124,0.036970478500105264
1146,-0.8495837692989174,0.16378910344239017
1147,1.1398646236259398,0.1532069674522496
1148,1.1930778762458476,0.04988143918798871
1149,0.6787293553396162,0.1795444027696642
1150,-0.06964309309345536,0.12652983378825744
1151,1.607602410264468,0.03215633851640054
1153,0.6877448233900952,-0.05425735529798392
1154,1.1232645092834899,0.29489820623625485
1155,0.37750844403800765,-0.06664019017958633
1156,-0.16182635101631196,0.055858777917694
1157,-0.12943558278251976,-0.03621559709145861
1158,-1.4644350185321164,0.0903269707508021
1159,-0.3298913465301614,0.3585400979725468
1161,-0.6281109509438257,-0.0659035199182233
1162,-0.6281109509438257,0.6857122331136121
1163,-0.6281109509438257,0.2932714870417943
1164,-0.6281109509438257,-0.05952296847432714
1165,-0.6281109509438257,0.40829183065444963
1166,-0.6281109509438257,0.04666465713643375
1167,-0.6281109509438257,0.13158671508465103
1169,1.2983762731706165,0.22245574003540813
1170,1.471374143589885,0.04116516341733778
1171,1.3770173009680609,-0.08671756273574616
1172,0.5935826726264034,-0.15015152007332244
1173,0.4245461396832932,0.20467330734208433
1174,-0.18705914240740223,-0.07363301336765327
1175,-0.03233254618277836,0.15488848290784585
1177,0.5736872309290111,-0.2664993952172381
1178,0.3929251783046121,0.8737849614449864
1179,0.4379705686248544,0.14028437473770672
1180,0.23223544349945907,-0.14119796889591685
1181,0.0348829993672933,0.20630368716017267
1182,0.5412476052482093,0.007965184554500349
1183,0.4619577911000801,0.4415634832296329
1185,-0.19063453443410622,0.020414737068938704
1186,-0.4188866986085373,-0.01137498139433124
1187,-0.2509491541311437,-0.4007742315936851
1188,-0.1900486748533453,0.3497131065784569
1189,-0.13996129331117643,0.13719723080719182
1190,-0.4499831540071336,-0.014808592525633157
1191,-0.9478069591671462,0.37694880318251744
1193,0.6273851899688504,0.19418767106296175
1194,-0.38761994358427415,0.006379026762969309
1195,0.5477784470901874,-0.06980303600366511
1196,0.9079122113066969,0.08696430044653636
1197,1.2406324634076922,0.28338103407844795
1198,1.5247130389125247,-0.06342198622170547
1199,-0.9920581260724525,0.03644595333889611
1201,-2.2936729885159277,-0.6430953304674288
1202,-2.436572498333322,0.6504691104134848
1203,-0.12445041216328102,-0.21303852573901294
1204,0.10992376446749778,0.11075377795338226
1205,-0.5052149692821121,0.23320535902912254
1206,-1.4482606410901542,-0.26136638579438476
1207,-0.43903493400768395,0.2704480864199732
1209,1.689326703824035,-0.3048230718553637
1210,1.161882440930538,0.12500000937179956
1211,1.345158263940127,0.056953148601314396
1212,1.3830786490989186,0.22148762852692405
1213,1.2113305724469488,-0.1529093750803332
1214,0.9705467772066138,1.1027157842061048
1215,2.1068558370332533,-0.2162121526866504
1217,0.8090813402162293,0.034263395738445945
1218,0.4084995862972994,-0.012072576573530225
1219,0.36481978797560777,0.09857901502286115
1220,0.6762446723672768,0.19002674326739322
1221,1.0607991807145414,0.23922958988611898
1222,-0.2810990562986927,-0.1270129361350073
1223,0.5629052478861905,0.23639589368423097
1225,-0.07419198495642026,0.023476367784926566
1226,-1.0234163762958206,-0.24362746097310573
1227,-0.8046976015466467,-0.16186755418002508
1228,-0.6533814740695109,0.04812410328052774
1229,-0.2004959783023118,0.29131824938039896
1230,0.7875928862544973,0.1790740264265125
1231,1.3680607456731873,0.6069391335039969
1233,-1.6483304837157013,-0.13740212863766366
1234,-0.5295301813273274,0.3159920444673341
1235,-0.2020737778578396,0.010701622867027138
1236,-0.022362277926379348,-0.04158275375194331
1237,-0.6910815749879691,0.23425709927245086
1238,-0.906669361804788,-0.11317952153494315
1239,0.019823293428809726,0.284199620562702
1241,0.3027176912114538,-0.09083744127475679
1242,0.24572961898072596,0.0422299820466443
1243,0.3324068575173048,0.611899213639135
1244,0.15450063417100002,-0.3309213561477883
1245,-0.16853976158226838,0.29089490252479955
1246,-0.05186171515543743,0.2830218425047679
1247,0.616863209635318,0.4347542709238317
1249,-0.557247915182592,-0.13132863819583884
1250,-1.2659595180665624,0.3314594893675562
1251,-0.9129036450252592,0.24494478216179494
1252,-1.382576129801519,-0.1415397976255126
1253,-1.3281250200387107,0.2899024218208921
1254,0.34397630907823823,0.27450027509986374
1255,0.6470346982798696,0.16462213192762531
1257,0.9000244947699908,-0.10092081543022002
1258,0.993014285751694,0.2781646441509509
1259,0.5904998366476321,0.24743589368085983
1260,0.3529278691552929,-0.32117158401065304
1261,-0.05087687066052655,0.2710067767534947
1262,0.1337088590217021,0.11226916668635267
1263,1.1633115922103598,0.4440260836421066
1265,-0.9999299811707598,0.048072211927336905
1266,-1.2513832697435556,0.1106769109344179
1267,-1.855893501761473,0.00555438622916804
1268,-2.012693502618616,0.5869820524050273
1269,-0.8551136051701524,0.24994977790519846
1270,-2.7543027099443416,0.4385111534276991
1271,-1.701081767887696,0.17641211226099363
1273,-1.4612429446000401,0.08738397532829323
1274,-0.6656878175681427,0.293346110269624
1275,-0.005346400900839896,0.3442014341184263
1276,0.3952284116115108,-0.09860715170810563
1277,-0.16160741288987135,0.5038009445940206
1278,-0.19411906377305252,-0.20916344298885314
1279,-0.3360861302279136,0.20357957572247054
1281,-1.0003674681858892,-0.45884288904878057
1282,-1.3429347380309031,1.3388379122969725
1283,-0.7328703265640042,0.08932766971884654
1284,-0.5325000167211899,-0.19774855209343878
1285,-1.033724348847772,0.049227031616042805
1286,-1.7874463349816543,-0.10669654662953698
1287,-1.5118293127221714,0.44561262514118005
1289,-0.6024832291985033,0.07763412845812279
1290,-0.27639601006765346,0.16417878074997194
1291,-0.06489680903545288,0.04714685457419421
1292,0.010548228125034446,0.2068024993713269
1293,0.3942327252233796,0.33667530817233127
1294,-0.7013604520179506,-0.1406156673138852
1295,-0.7372584875627082,0.2135660616865238
1297,1.966070139592518,-0.012614915499654433
1298,1.2646046029200237,0.17892620957157446
1299,0.6818997535943722,0.061220336272578946
1300,0.2972444164510721,0.17380043676124068
1301,0.1841071036727678,-0.01791869961815873
1302,1.7419155055618838,0.8075955577470655
1303,1.4589302694188417,0.31357956054501424
1305,0.5783314698230025,-0.1820806858708307
1306,-0.3298702790368286,0.5621515210150032
1307,0.10490648984283006,0.022768289735031866
1308,0.22975256886084278,0.061484791338771494
1309,0.15099154230807169,0.007566381589454885
1310,-1.0822778417183228,-0.10896092427567527
1311,-0.4020773365378505,-0.1145468611316608
1313,1.8206125673773919,-0.13603295814561522
1314,-0.2434385359941519,0.30412963437893326
1315,0.7524784349594515,0.21103129919177444
1316,2.123637044239871,-0.18528965396369335
1317,-0.6799750163146099,0.05175380638208482
1318,-1.600252988070379,0.19472689602578575
1319,2.205789418235558,0.12070318482486009
1321,-0.7220083632722456,-0.020764787053208944
1322,-0.8647329107200676,0.3170699827928585
1323,-0.8591341959849493,0.5507180714570565
1324,-0.43346525803069685,0.32149921625126887
1325,-1.2131010232212216,0.5321533148335791
1326,-1.3589112772762364,0.04162795804424513
1327,-0.35621721483860797,0.08379391063726804
1329,0.6600280058653722,0.19886467033881483
1330,0.03373572109295596,0.20112673970701178
1331,0.4520291956105162,-0.07732876984108672
1332,0.5077804729930419,0.23103443344205732
1333,0.34433391315386724,0.4096317494031907
1334,-0.6908423072981006,0.005835098471177025
1335,0.0555591627950955,0.5634569760856394
1337,2.8025889314754204,-0.1903923395122301
1338,2.013917109179155,0.4268682969698796
1339,2.3169387802861703,0.5964352543526175
1340,1.2924282580985806,-0.14114824057017072
1341,0.7787353027672171,0.29095783692634813
1342,-1.2521723925221153,-0.13609741717338175
1343,1.0297008196727837,0.3413344403144931
1345,2.3815210351337956,0.10364140488568463
1346,3.370813349838043,0.36829227201347803
1347,3.055865401569969,0.2615730167648038
1348,1.716218085931575,-0.12909404941632763
1349,1.6610422884564207,0.3279630481880158
1350,1.3603090271852443,0.1703641668755902
1351,0.9678304410079314,0.061300673519987914
1353,0.3521761942921341,0.281747528382603
1354,1.6042599445959211,0.11109656026171111
1355,2.129704344464688,0.3109482867789055
1356,2.3689974969694876,0.11115160082780284
1357,-1.4357913691557862,0.2678551099527815
1358,-3.0823116931667855,0.018012587098156452
1359,-1.891437574225408,0.21809914820271525
1361,-0.38580827701268816,-0.0048783120205928565
1362,-0.8609951741142554,0.7095866403304005
1363,0.35442744003176707,0.19702903823757278
1364,-0.4134587700462761,-0.023172998120482236
1365,-1.4125713748355635,-0.021078203105013404
1366,-2.2096759276126847,0.6393457906534492
1367,0.34434842036925306,-0.04794009109077424
1369,-0.9695694851610808,-0.2670135957991425
1370,-0.057505127359089386,-0.12985868325175742
1371,-0.7622385987797218,0.04087902161560142
1372,-0.8825071120870311,-0.11283507687273886
1373,-0.7059804770801131,0.04201704372539372
1374,-0.5614362512503076,0.47721220712818946
1375,-0.1515911821422443,0.6476366011870252
1377,1.3929684586683087,-0.1831857580265538
1378,1.3717733926622282,0.3984591354056124
1379,1.8355915227005528,0.44967183298682967
1380,0.9907719032800414,0.05760728920671254
1381,-0.5390894874995792,0.6919355184462685
1382,-0.6095479349448566,0.0368000114259639
1383,-0.16801261202911708,0.20134515687312682
1385,-1.0844839115513516,0.04181635797381755
1386,-0.7988105751648943,0.214565658019781
1387,-0.9816463892230848,-0.04516634945065534
1388,0.10574831379120087,0.15253951848510328
1389,-0.32929964027399905,0.2661654756058507
1390,-0.4130631179803785,-0.03254858772501168
1391,0.34549134404623877,0.2239669181025099
1393,1.9014114562904425,0.15925486195527738
1394,1.9210157319310188,0.031080692528774323
1395,2.567403275222696,0.030702808986489583
1396,2.5976841234573493,0.13294841880221098
1397,-0.5961214462868573,0.07361088819370609
1398,1.9139310939681093,0.24026960634505734
1399,0.82411208848778,-0.23392252210704212
1401,-0.5494878767376975,-0.2801642090631369
1402,-0.7442300438495103,0.5552915311295146
1403,-0.19461274698864248,-0.024762957297764898
1404,0.018714809183765845,0.007287730104134971
1405,-0.3031036476288391,0.2558671016659251
1406,-0.763991076885628,0.10749935042957937
1407,-0.5037884777935961,0.3228263305164507
1409,0.6850542093195312,-0.09224828165285448
1410,0.05128533227695328,0.4574008019001494
1411,1.4340986929498565,0.12006108722434061
1412,1.72204332082018,-0.44688530420107253
1413,-0.9460089483533634,-0.07051743751864081
1414,-1.8248728504150997,0.24530219659935426
1415,1.1035339097741155,-0.09730140812505883
1417,0.7978607024450233,0.1497515672916483
1418,0.9718663256227386,0.09229573781094413
1419,1.6535777463383343,0.1413432482128243
1420,2.0305892081783847,0.4115080963731155
1421,1.6970910319933223,0.18894785359626742
1422,0.782505175814938,0.15680689794260583
1423,1.061326662741606,0.03309549690898894
1425,-0.6281109509438257,-0.06669118736218027
1426,-0.6281109509438257,0.7960724584544481
1427,-0.6281109509438257,-0.06181663757517075
1428,-0.6281109509438257,-0.12462644321814775
1429,-0.30592858926947947,0.42556313715445726
1430,-0.5987829810536909,0.2245847619235235
1431,-0.38483491503146444,0.19764530623917587
1433,0.18215403026948906,0.001720603989018299
1434,0.20404421002787537,0.32016575826760985
1435,-0.19459004956222264,0.1525642102441953
1436,0.07945853106602269,0.14825153610955133
1437,-0.6281109509438257,0.3278353727996599
1438,-0.8099794605333097,-0.02831982136436828
1439,0.7485350510746092,0.3687548177766442
1441,0.710946799246043,-0.058904058428374984
1442,1.0383985075351458,0.2111049935394611
1443,1.641956712666127,0.2877042954318121
1444,1.234522314593664,-0.0842344098476655
1445,-0.22907748749334206,-0.1641848448407619
1446,-0.43131728193217,0.140801042147505
1447,1.359622679391481,-0.07872731808713684
1449,-0.26889168460765406,-0.0007564314708190523
1450,0.11608132730520476,0.11042894652750213
1451,0.7012930461550663,0.428993451219416
1452,0.15572206223711388,-0.07775480103523935
1453,-0.27490002342214664,0.19224140561860148
1454,-1.1617513923036862,0.30065076582459427
1455,-1.6116058855861033,-0.07938624856386878
1457,-0.9548414584421121,0.14155872507485356
1458,-0.9023962286709517,0.2515894190856034
1459,-1.5031181069570432,-0.08369952274774839
1460,-1.671704194511527,-0.19567352157973128
1461,-2.041688414738864,-0.005027276002473213
1462,-2.0136898701728136,0.038803928906339324
1463,-2.4615119260961205,0.2495377959283649
1465,-0.6281109509438257,-0.5036475455712994
1466,-0.6281109509438257,0.38270273920956965
1467,-0.6281109509438257,-0.24094559881100874
1468,-0.6281109509438257,0.2740764332507244
1469,-0.6281109509438257,-0.3433744722208619
1470,-0.6281109509438257,0.4000484295025051
1471,-0.6281109509438257,0.6966811263051369
1473,-0.38866396032662526,-0.37572222803152955
1474,-0.8524162524210049,0.6865986477520882
1475,-0.6468974623945831,0.3095527842486363
1476,0.16842088713578762,-0.008016120730502174
1477,-0.7254150288425307,-0.04479710892211153
1478,-1.0098827904921526,-0.07265548263326194
1479,-0.41880204750657374,0.6979293140213123
1481,-1.2912222321098457,-0.14062739087940235
1482,-1.2969995096637434,0.3556227586999958
1483,-0.19219498047318603,-0.11844130007525033
1484,0.2219330500219544,0.44088272349924296
1485,0.09817377146254518,0.1416026039181273
1486,-0.6460673642334946,-0.09544773402643147
1487,-0.10522680293514634,0.11366695124892745
1489,-1.2137927797979153,-0.740917688125686
1490,0.02888774867221531,1.3347282614045715
1491,-0.19796104311435112,-0.02855018813636101
1492,-0.08008209280371015,-0.004629176079627206
1493,-0.7433525559921025,-0.23131005218092837
1494,-1.3905468350706218,-0.23598052235200373
1495,-0.0010792766248017727,1.5753663618554499
1497,-0.5689627875895368,-0.39252246954488645
1498,-0.5014502293072474,1.1084922196847669
1499,-0.7405063441301334,0.1889207513033213
1500,-0.25537708225352135,-0.2095770972709332
1501,-0.30499592696071054,0.4267448094496653
1502,-0.18418336469451263,0.3594423482671274
1503,-0.1819060562437282,0.4549547529138056
1505,-0.8197614106997672,-0.09784812033214918
1506,0.630381104292104,0.32494098867250054
1507,-0.1295396227900102,0.2933531622025003
1508,0.08913937672637,0.3779966994611388
1509,0.42110172616017344,0.39550805175407855
1510,0.11991532727258505,0.002508106198546356
1511,0.6207086921163858,0.2040696193658238
1513,-0.3952880651558323,-0.14437608356527964
1514,0.35502693104297156,0.6793431836431745
1515,0.16164321179513433,0.12535146673504594
1516,-0.05355378842768828,-0.059314357545476315
1517,0.15530146651860208,0.03189012938574365
1518,-0.4580925738801439,-0.12840180975049986
1519,-0.9874826849511458,0.32055236934337095
1521,0.6401255416702022,-0.013545632085075088
1522,2.008995797878621,0.554909617763023
1523,1.425011645698589,0.2900086011834446
1524,2.139995587902419,0.10346951983345232
1525,1.2662120656359102,0.1773762796386591
1526,1.7519782988756067,0.5411153157552084
1527,2.4794821625762977,0.18995574142381555
1529,0.5608197687742367,0.09789240392445575
1530,-0.3204103258008022,0.1548407736449806
1531,-0.7401624201396669,0.21330723607801638
1532,-0.3002484508620922,0.2692097544850829
1533,-0.7326764537269752,0.5230421509126102
1534,-0.6769493415215597,0.2593224485507426
1535,-0.5644018455744961,-0.08951438777279208
1537,-0.39968694641095887,0.04244877723664864
1538,-0.5401973797788752,0.509262768835391
1539,-0.6298340902541666,-0.016733746869587507
1540,-0.882202622746325,-0.06971183427706218
1541,-0.6178155718549788,0.3677684944453765
1542,-0.8806349595905917,0.34366339414778135
1543,-0.9496936675336906,0.13450759512128085
1545,-0.3964225715664286,0.32878280552548755
1546,0.20462433646091246,0.6771280820302619
1547,-3.3291910813510435,0.7226211062273811
1548,-3.153431796135927,0.38585805625769387
1549,-0.6281109509438257,0.08087232975613401
1550,-1.0330209800114738,0.4921191982996591
1551,-0.6732332400474689,-0.29821198602602705
1553,0.7869592801761445,0.27970457557510975
1554,0.030132831040889485,0.09292339100175306
1555,-0.3519173621549134,0.06059113669436389
1556,-1.171832252736403,0.18387563879604807
1557,-0.6781723914116407,0.1614773636203375
1558,-0.7416259784149513,-0.21268736707724878
1559,-0.04817902325506907,0.30819458177168135
1561,2.4318321878378275,0.06170204014233249
1562,1.6840020205755202,0.015769925069554214
1563,0.894977573203204,0.3457154252099557
1564,1.378701897631823,0.16434385409950059
1565,-0.2010668927752157,0.11107677338760591
1566,1.7587720627100136,0.6651058630629003
1567,1.1355388623043707,-0.3535153192283761
1569,-1.7235097606918173,0.12642218689093654
1570,-0.9943474279114737,0.30564929658116324
1571,-0.05747247193351149,0.4287647581372518
1572,0.5781523961296736,-0.14067817615889178
1573,0.20724638792326674,0.3283732701197346
1574,-0.4042864229634581,-0.17216799943067518
1575,0.11978760052605483,0.3565167862715686
1577,-0.8518283169055662,-0.6136512495754871
1578,-1.1139549425336257,0.7526649852729199
1579,-1.146482568382883,0.4838457362012507
1580,-0.539033818391908,0.7242120712829179
1581,-0.10526906766772928,-0.07106332737757248
1582,-0.1988875181646855,0.1434602747600211
1583,-0.8727938542747009,-0.04276384222253704
1585,1.116347057044231,-0.3198051259994982
1586,0.2026439272146681,0.7327688389621143
1587,2.7069121755270795,0.16427226110077808
1588,2.3654418425404633,0.30570626741632845
1589,1.5318847444951085,0.20460635321811393
1590,-2.045497341307713,0.21254862184870738
1591,-1.3584997718810603,0.09081535590860623
1593,-0.5180414073996382,-0.2598934305424717
1594,0.381421451159946,0.6511372517599552
1595,0.349023271190624,0.9122653293105207
1596,0.08374051124959954,-0.15713643176840153
1597,-1.117078599821649,-0.1864536607876588
1598,-0.5149961734095445,0.7978898061164199
1599,-0.25626587422398,-0.17971327770326062
1601,0.11256612116592035,-0.21247733445885697
1602,-0.03206729687295661,0.5992184948468817
1603,-0.09331072704684126,0.16107682719009553
1604,0.06093393607683443,-0.06157512591661196
1605,-0.29631677654629235,0.17945684992351918
1606,-0.32977681332160375,-0.024673048327122693
1607,-0.6285983090459438,0.3012663063150789
1609,-0.6281109509438257,-0.16767608689175584
1610,-0.6281109509438257,0.6387285922616395
1611,-0.6281109509438257,0.03914155294999855
1612,-0.6281109509438257,-0.004673929521051723
1613,0.20633270095491307,-0.16910942936330542
1614,-0.7467111344817626,0.1794251308060668
1615,1.47794557968576,1.1974087712732042
1617,-0.06749434662854417,0.4522235611689249
1618,-0.29897451624504295,2.098554613773993
1619,0.6644367072646197,1.4831341872233161
1620,0.8951500298547472,-0.3840048634306428
1621,-1.0824991071621564,0.7721959441424064
1622,-1.0004880751252037,0.9356425961736459
1623,0.037151720260171814,0.7202424002524221
1625,0.15554386432872713,-0.11089356167195519
1626,-0.5706223514003668,0.41501909502769907
1627,-0.39344101849440377,-0.40016060109101825
1628,-1.0296953083301066,-0.19665705036446524
1629,-2.1092986068239736,-0.0005568272156583065
1630,-2.2200637263402974,0.3648284916660809
1631,0.11190414127726293,-0.02844285793572776
1633,-0.42894377499277614,0.22684702248760158
1634,-0.3410609779376017,0.0600070537127646
1635,-0.6281109509438257,-0.1654712343636906
1636,-0.6281109509438257,0.5088209539659132
1637,-0.6281109509438257,0.15980475686881657
1638,-0.9874617309854906,-0.1618104124418691
1639,-0.9204927351148999,0.15412712928159888
1641,-1.1121702793310924,-0.5377812527773974
1642,-0.8046838079338064,1.9752891350636754
1643,0.07078647613146061,0.03445510797132867
1644,0.5175867748463655,0.26188753243826124
1645,-0.8425484834393276,0.2280189158063417
1646,-1.6254490451486139,-0.3432460910451821
1647,-1.1463570635351876,0.5563555837948206
1649,-0.4532555893167804,-0.023161712840617743
1650,-0.6310446764270604,0.21782517250832756
1651,-0.2232484007728149,-0.07183810514248046
1652,0.3193775292214926,-0.007693213518836228
1653,0.0915880146610406,0.0814969599260893
1654,-1.4561005138198302,-0.10754840789814091
1655,0.34280782545553085,0.3325688202339885
1657,1.7332310923286922,0.20284407061983933
1658,1.3690947800890205,0.08924774224588972
1659,0.9917371318140701,-0.08083144572710099
1660,0.9013713384834817,0.4677180081988124
1661,0.9354260413436954,0.06294321356728916
1662,1.206700240693475,0.11135055626302504
1663,2.050717438378897,0.5428017906708054
1665,-0.4828840264241828,-0.1380244780225418
1666,0.06207786528467964,0.0795923672929888
1667,1.1640498708075504,0.04462393295712408
1668,1.6708669655752915,-0.007647903620705221
1669,0.37271228078389657,-0.32175993957145643
1670,-0.06228397764235162,-0.3735616215628569
1671,0.8612821935520246,0.7229957057776573
1673,1.7865508014738016,0.3212450512456779
1674,1.5957762969516187,-0.0318488723372089
1675,1.3686767387432572,0.2699273663567445
1676,1.1581793951393824,0.25797070304977665
1677,0.6016715926444691,-0.11733715055495453
1678,1.4400929867687937,0.5694391282739739
1679,1.034275668828342,0.05316307155904609
1681,1.4364214124717198,-0.1951742586178702
1682,-0.41657149624076123,0.4590648747138013
1683,0.7401097485475239,0.010172443334356407
1684,1.4812458454946824,0.02498515211302399
1685,1.3663883126891783,0.21216230282682602
1686,-1.6970782954248715,0.33377413663935807
1687,1.5527713558008835,-0.027797588043747545
1689,0.34269174340508457,0.086604654390807
1690,-1.6882562785371902,0.07574089046251653
1691,-0.9602015947625478,0.1296208158048664
1692,-0.5202779513050092,0.22731418871111497
1693,-0.3061821938832173,0.06601908886383856
1694,-0.583221726053377,0.050281492445731324
1695,0.11687246114548339,0.16421372622531116
1697,-0.3043009672816818,0.03564055806954691
1698,-0.1613497293888562,0.12230753227536817
1699,-0.2458639899552125,0.07717923296303275
1700,-0.367368657490257,0.05030334400369907
1701,-0.4333963305120944,0.3243941351611992
1702,-0.7032368374749443,-0.002078351585843574
1703,-0.5745389265350327,0.25943236962388294
1705,-0.6281109509438257,-0.12001543611855847
1706,-0.6281109509438257,0.1526911888543172
1707,-0.6281109509438257,0.09648837712247582
1708,-0.6281109509438257,0.2630660734158621
1709,-0.6281109509438257,-0.050810265893719175
1710,-0.2724842841866491,-0.007706877869326778
1711,-0.7894607356671154,0.5276184588880699
1713,0.23242827026002924,-0.2937801165412983
1714,0.06075644366187335,0.8341827626309968
1715,0.3886276367200708,0.038252118689298564
1716,0.01593175114707608,-0.18121998264085137
1717,0.4628045778297903,0.21310940654164412
1718,-0.19433143351242646,0.008419880339520347
1719,0.21350602025234408,0.4604337325365542
1721,-0.6281109509438257,0.1666346586936267
1722,-0.6281109509438257,0.2688615997989683
1723,-0.6281109509438257,0.41606374945233093
1724,-0.6281109509438257,0.3757979448664066
1725,-0.6281109509438257,0.2533185686519921
1726,-0.6281109509438257,0.0867426407012939
1727,-0.6281109509438257,0.2529053674145143
1729,0.6576315825533231,-0.3029949818780564
1730,1.0908465836073684,0.43481757532380194
1731,1.415022280464977,0.34650072997791126
1732,2.2756312238811782,-0.06431427641741827
1733,1.869904801064964,0.7970411857758755
1734,1.293257934585438,0.06730427587264431
1735,2.184533306775355,-0.02261437644013109
1737,-0.1677762149676703,-0.028715979859964658
1738,0.072143358935308,0.22173483870180966
1739,-0.03203055445098171,0.3549995992932624
1740,0.048274416082003856,0.2652669953414364
1741,-0.078371984848945,0.01655217489135996
1742,-0.31134505964541304,0.6219752516072312
1743,1.0437823873584602,0.20124659069466055
1745,-0.023277805664935855,-0.16817406837986038
1746,0.07893096794775971,0.45873053234726524
1747,-0.22613708820448278,0.24058327235852617
1748,0.006845255315957409,0.21300128861777634
1749,-0.6281109509438257,0.3905324033061748
1750,-0.4204829626299309,0.14949029367744293
1751,-0.416894741975647,0.38503123479872214
1753,-1.3720826205877292,0.12510953578493966
1754,-0.8205950849827032,0.2118699346394608
1755,-1.060594233678628,0.010652051170128685
1756,-0.2363124361015235,-0.1650375421898821
1757,-0.5545830800039852,0.19858818705332837
1758,-1.1832048635224475,0.01709597761804016
1759,0.5211821071987451,0.3312045159209964
1761,0.04191631471076306,-0.10969077999399945
1762,0.02292661304428564,0.612287637781624
1763,0.39428896196943947,0.2587665304478688
1764,0.5678728622609854,-0.1764998056882663
1765,1.0120851678168454,0.31345563125289577
1766,0.09438306608596707,0.07164546350419454
1767,0.5301120402531982,0.3343530767082996
1769,-0.7236124850307598,-0.3176146216753091
1770,-0.5997095047587444,0.3945051328614313
1771,-0.3051992144858686,0.16608502428461924
1772,0.5743627530477938,-0.07146937345922844
1773,0.0357446420045423,0.09708680195221175
1774,-0.9436682428037044,0.246446043062456
1775,0.3883845982894786,0.09484694984183384
1777,-0.496288182566155,0.048234566720462446
1778,-0.37482295778999075,0.20439851777751694
1779,-0.44533077355682704,0.0011735167343203123
1780,-0.15552315649547804,0.2161810182119508
1781,0.9687222171344892,0.13621912354579302
1782,-0.2107632998365276,-0.19035176699270917
1783,-0.04866302418157531,-0.059399143057104364
1785,2.4292401806644635,-0.20747186496333292
1786,1.4246830884902109,0.14398701222767474
1787,2.33175257716564,0.13539886885126928
1788,2.8921932946716877,-0.05219663988622114
1789,-1.6430045840992114,0.18440517674693324
1790,1.1439769853499162,0.1534645592986692
1791,2.8177059364546624,0.10128879047330486
1793,-0.13138583421209568,0.16380841945313196
1794,-0.4399598115614108,0.031995590018742526
1795,-0.2501594637141958,-0.11682105940281529
1796,-0.25072696424764895,0.09694349921330114
1797,-0.6426034482771702,0.2244149068575032
1798,-0.5752764834205578,-0.18297177196332504
1799,-0.29288733245838905,0.08623963616417973
1801,-0.15893240887499063,-0.2460771034569249
1802,-0.19600910498784932,0.9436372395758243
1803,0.21096527082546127,0.0029506152075093883
1804,0.3186389668051079,-0.10533624223817228
1805,-0.07423329281286267,0.09476257871780502
1806,-0.6419022202485086,-0.0974607737750477
1807,-0.09134021903591598,0.5446585881070809
1809,0.006824171604384867,0.1957639379047882
1810,0.26830240822863133,-0.03404461241366463
1811,-0.22083652958747893,-0.11572520106957918
1812,-0.2847284307361421,0.1686024759415019
1813,-0.2506096090653885,0.11362428247169154
1814,-0.13431625117443746,0.0700283618246762
1815,0.39353706816004524,0.5787104633473248
1817,0.4528667622709734,0.016548497479803803
1818,-0.671047142976595,0.12175609548635791
1819,-0.06185405643602885,0.19803025146646225
1820,0.8797366365455153,0.04802977495131344
1821,0.4048595240399066,-0.007549141902768675
1822,-1.0098596227367824,-0.09839506399880527
1823,0.45636139557323474,0.26377267519694647
1825,-1.029496432166139,-0.09965284354309645
1826,-1.4646255585208932,0.04348900878402362
1827,0.3176468970844235,0.5797475183681364
1828,0.0013598087667023825,-0.2304515844016054
1829,-0.7292103401991755,-0.5438979324103252
1830,-1.3006074841339466,1.1339445044510663
1831,-1.1841314764278192,-0.3235815427361679
1833,-1.82911226582866,-0.24601467802199595
1834,-1.2943573719115564,0.7567644275110939
1835,-0.3212651324500298,-0.15082905187704243
1836,-0.21433965684849202,-0.1644645373029412
1837,-0.9021543336262565,-0.002581071329669893
1838,-1.6461780638195045,-0.021701238224074215
1839,-0.017778541175480965,0.8515664807924987
1841,-0.03160665832069675,-0.4123562811762821
1842,-0.568906940081229,0.5070015675106849
1843,-0.4441394951982619,0.20412973030879233
1844,-0.3143107999337586,-0.08047525409042644
1845,-0.4889736834923866,0.3720527563436429
1846,-0.08548230439437339,0.6602912088042323
1847,0.342989161593294,-0.38711185939249826
1849,0.022170372746659468,-0.09574491331842772
1850,-0.11090998226247197,0.4420452338013314
1851,0.016196984238658164,0.32399204145100513
1852,-0.2647750818140039,-0.045834778083178374
1853,-0.2969376431973834,-0.0018272526836518033
1854,-0.784163112551492,-0.39266868165756297
1855,-0.023124145953171485,0.23488750878771847
1857,-0.7253770619434606,-0.07957593116897343
1858,-0.6178460053817217,-0.020068607213729384
1859,-1.2709976980021662,-0.06527354476086777
1860,-0.8435961736129644,0.21443012020866403
1861,-0.469367802246083,-0.028787568197832125
1862,-0.8699292428198248,0.2363957367231806
1863,-0.891400310828629,0.3014432299584142
1865,2.4584391912218533,-0.3854365578050357
1866,0.9053594928189362,0.3166128460798705
1867,0.157408305052203,0.15001705978958757
1868,1.1146612926672121,0.23812584996826258
1869,0.7141209925688817,-0.05313981365937592
1870,-1.8017326255067,0.2470367381005576
1871,0.7586595628994008,0.6815678267939607
1873,-1.653949195540334,-0.35232971825121606
1874,-1.4618601621472054,-0.08606766087188811
1875,-1.0101032206966432,0.45846832112383984
1876,0.12497053635984366,0.16377221810840803
1877,-1.8611450245308312,-0.40293541617210393
1878,-1.3484794135914369,0.9372916121129569
1879,-0.1371182440059432,-0.26714806637351907
1881,-0.2911005527755785,-0.014969685486372009
1882,-0.7503295048435952,0.2877477317845092
1883,-0.3983898116020601,0.2863896235461847
1884,0.8151704377551645,0.1589297495278117
1885,0.4648911273455627,0.3007951921762604
1886,-0.6514260571305996,0.03201008779678505
1887,-0.060355061307063064,0.10021588701400241
1889,0.5927408892236317,0.10356623624269923
1890,0.5706120256320051,0.16582726313935114
1891,0.8013871234970402,0.15804335157219862
1892,1.07521007597498,0.183734369025218
1893,-0.30162706610709883,0.04002396627917215
1894,-0.43546024747440565,0.3249769215298355
1895,-0.03970428753346608,-0.27728434669353963
1897,-0.6902368236473376,0.10832114831523132
1898,-0.5335642900448903,0.35503576665629244
1899,-0.28122251764818934,0.0911397204315918
1900,-0.2338431523477516,0.2670553714111863
1901,-0.444422722426759,0.29847901076987804
1902,-0.838673216161104,-0.05080958423677795
1903,-0.6562664880698932,0.33664134680463786
1905,0.771443833593782,-0.054343935606307014
1906,0.2988737818996345,0.14561221072283725
1907,0.04919143589861,-0.11666140863903329
1908,0.21103519576580343,0.02874076332331632
1909,0.44659813692799843,-0.13412223305291238
1910,0.033397619450531484,0.2308311093810136
1911,0.16986836502643798,0.48453147443757394
1913,-0.6281109509438257,-0.09954041217497034
1914,-0.6281109509438257,0.2514968492485714
1915,-0.6281109509438257,0.3145635671199769
1916,-0.6281109509438257,0.07132264108802833
1917,0.12986170606194844,0.3746164356272903
1918,0.5280607735178305,0.25752223395310225
1919,0.6133112205284597,0.1480646812688846
1921,-0.6281109509438257,0.31999220792980765
1922,-0.6281109509438257,-0.09881693671642278
1923,-0.6281109509438257,-0.14186784863924695
1924,-0.13940438328822852,0.19484919914552412
1925,-1.173345195551486,-0.10882559528446867
1926,-0.6121243726081358,0.3206825524051533
1927,-1.37381711266584,-0.02929901006946778
1929,-1.350159696203447,-0.17239891069263735
1930,-1.1753584386239446,0.22508701864897396
1931,-0.01814488688229286,-0.17748827526439293
1932,0.29333845615427084,-0.3121027120096308
1933,0.24457719952441287,-0.15845761448634643
1934,-0.36280534761222444,-0.2158800829589611
1935,2.2786126390981662,0.5721988100818884
1937,2.7364584348140677,-0.023660257052536715
1938,2.4587307627346613,0.2331269475204445
1939,1.2149562247983934,-0.04801250199692675
1940,1.4260333866887513,-0.015507288216779158
1941,0.7215830208598188,0.043043156939687854
1942,0.01308540143006987,0.255910667199327
1943,1.938747238782048,0.12593573716767703
1945,-0.6281109509438257,0.06252217920243708
1946,-0.6281109509438257,0.05555430129836836
1947,-0.6281109509438257,-0.05322250052818345
1948,-1.0134039000706774,0.1705897319857086
1949,-0.6281109509438257,0.456519158892561
1950,-0.6281109509438257,-0.06759406634895737
1951,-0.6281109509438257,0.13557824333302948
1958,0.47115015149065226,-0.00755569027621672
1959,0.20680768454016207,-0.0246177062890105
1953,-0.15690143115745162,-0.10683161234873795
1954,0.31018896389900347,0.2358328596402528
1955,0.13463129573035834,-0.19359442378470482
1956,-1.2737017569934175,-0.17573254634855406
1957,-0.8663302856908786,0.3559611879196136
1961,1.5532438985410622,-0.15093883965342536
1962,1.0694441836253317,0.5558139066365353
1963,1.2171275632711667,0.42150495479223715
1964,0.8884516130513671,0.10519131727538733
1965,1.7302671441558308,0.530082665593888
1966,1.4525905027675492,0.1635442797199591
1967,1.262089989186371,0.15337868472451177
1969,-0.6281109509438257,-0.09295213151636883
1970,-0.6281109509438257,0.13671117497804053
1971,-0.9444012748003611,0.047408089924237284
1972,-0.45420593761591077,0.11864832237610945
1973,-1.0259417670497348,0.41873977758857195
1974,-1.5567727389696013,-0.17728374729195573
1975,-0.8869269148713335,0.118040069515009
1977,-0.407283805037402,-0.30689388049066113
1978,-0.6799867745383715,0.5255347994308339
1979,-0.5446811878460398,0.30327464833662443
1980,-0.5463494446333335,-0.2970938641108607
1981,-0.47511578965913465,0.19611418218479781
1982,-0.43260989996132043,-0.05389803357713496
1983,-0.2980547555459324,0.39459221646558085
1985,1.2750621644055824,0.306422256513289
1986,1.700690305377942,0.09282738463919071
1987,1.74178450273094,0.33734941973080623
1988,2.315628443830179,-0.1394781182646312
1989,0.7573212094343778,-0.16286970831785885
1990,0.7002014532066397,0.445611499856285
1991,0.24701849059651226,0.1190001579940656
1993,1.8554588825159546,-0.045746350372712796
1994,1.7900098762855838,0.3758433712865601
1995,1.9073879343731013,0.26791670623794817
1996,1.4407065065573137,-0.16254036633548596
1997,1.3425587233944363,0.31130413952488145
1998,1.375109841363857,0.09667599233780555
1999,0.9006770842978786,-0.057981718656820225
2001,0.5203986770223102,-0.2697465478160209
2002,0.8302524681005555,0.4975265807363136
2003,0.43304337821244,-0.015440234961015875
2004,0.7769339266687026,-0.11023502744640878
2005,-0.6281109509438257,0.12549833221945828
2006,-0.4461342900230947,0.1589427281270459
2007,0.507498754060834,0.19745002178800242
2009,0.7804042812661762,0.05003517796326107
2010,1.570090343616757,0.300022688483355
2011,1.2224779524295604,0.24151886391561717
2012,2.3291973124142515,0.22806528774806134
2013,1.779320434518327,0.20096620570242862
2014,-2.321507826170738,0.1386438178115199
2015,-0.7191064660843656,0.035977140979234434
2017,-0.6281109509438257,0.13367647547116435
2018,-0.6281109509438257,0.21648359103149728
2019,-0.6281109509438257,-0.06849877971001195
2020,-0.6281109509438257,-0.10665431049648555
2021,0.366901261182363,0.3873120495183715
2022,-0.8291069361457936,-0.174694356262724
2023,-0.33027601073868185,-0.07155181704417735
2025,-0.5961415001402107,0.17033288794973567
2026,-0.13285566894613268,0.1668893606525237
2027,0.35088278967835973,-0.21231584203815024
2028,-0.30389983345077537,-0.09753697208235768
2029,-0.5469101983790835,-0.07864662944968193
2030,-1.5136985297172307,-0.22460107531123252
2031,-1.7398170547170042,0.13578033577816573
2033,0.14485605249455732,0.06525966828022622
2034,0.5069669174364176,-0.30100079103881283
2035,1.0457601530316385,0.33540982021383114
2036,0.08248540600880858,0.11661122272004532
2037,0.8645524637266758,0.3554679746329412
2038,1.4290979041658143,0.8141086121915637
2039,1.1104126166388,0.16645072593362897
2041,2.160870351784114,0.1238487868318201
2042,1.9120739514524856,0.04976190863808139
2043,2.062772155889031,0.059357455335002474
2044,1.5071016686718601,0.29234396951127617
2045,-0.07696853136988199,0.012531507546014176
2046,-1.7555852139099228,0.30100446951796034
2047,1.6488479237935982,-0.06734006162819839
2049,1.6797705845358784,-0.012304291931598987
2050,1.0411568895201762,0.2614102066061881
2051,1.4428427568685582,0.2967694833364387
2052,1.5367175852982364,0.22539413171392875
2053,0.3887202428685929,0.3847580490946969
2054,0.8946863503825491,0.46616070022005895
2055,0.31485506498007176,0.14851949825599164
2057,0.29325727575559685,-0.1595388601862836
2058,1.0673843698776575,0.09207332431112292
2059,0.3920858357469107,0.5323817478533475
2060,0.03653652999296569,-0.08075595112019962
2061,0.22671413842229118,0.5369221622070253
2062,0.6802482907942579,0.21397263789866705
2063,0.19933702003660023,-0.08197528188003311
2065,0.25857884372499007,-0.014782317627809238
2066,0.2745821917205001,0.18039706553604784
2067,0.15268068007894214,0.17135572673454624
2068,0.5014404387407947,-0.06360446221608385
2069,0.41963198873557445,0.12065590431843098
2070,-0.5712817850253958,0.09443688090203972
2071,-0.12981031331924156,0.20026351213595484
2073,0.7714808517258317,-0.040015405572226936
2074,0.49641228167730755,-0.07029792049395267
2075,0.7471249886628802,-0.08872479946701783
2076,1.4893473670849726,0.40964989992815326
2077,1.6301104238631268,0.06026123937608996
2078,0.9638982314902224,0.58877853584664
2079,1.1345059956017935,0.44743435521494557
2081,1.9724476947422442,-0.0757323423131685
2082,2.236199014965841,0.5301278555908782
2083,1.9819905637285895,0.3697080886317661
2084,2.916186047566642,0.07179990491847432
2085,1.2298247258002744,0.28204877148079754
2086,0.6445163462419725,0.40995545648413834
2087,2.38184484039795,-0.060592005658009596
2089,0.08796872796866656,-0.28064179966355285
2090,0.870086362266948,0.5274076134779908
2091,0.06907018091826081,0.15336863118455568
2092,-0.5215953751317366,-0.06501386047193136
2093,0.5879911587896991,-0.08408450474049278
2094,-0.8066450228934001,0.060735872321986184
2095,0.6991884781750193,0.3714842185630032
2097,-0.475879514674369,-0.3000596302176298
2098,-0.6279114665958705,0.5453384244683033
2099,-0.8141732702569144,-0.13250687512498915
2100,-0.9890785516256675,0.41552877379892905
2101,-1.1411023133361349,-0.09669099942841586
2102,-1.5236769557481842,-0.46057370811885834
2103,-1.1289963542977601,0.0812615724122916
2105,-0.21851926750326464,0.06404135849616188
2106,-0.27540787327008925,0.11255616200083707
2107,-0.4666526499788965,-0.021868664915859926
2108,-0.4017810292990585,0.3632706144777731
2109,-0.9600555089687098,0.14396617858696126
2110,-1.00682715250131,-0.08845766259962651
2111,-0.9593672960773844,0.3120875690280658
2113,-0.6575776922017067,-0.03914853533599538
2114,-0.8452798377279456,0.14936553133956054
2115,-1.2687045767677023,-0.006553912509520088
2116,-1.0518478829881324,0.15480618999553353
2117,-1.0357410707326404,0.072376839813453
2118,-0.9443585640661872,-0.0807233326602822
2119,-1.2439901689712212,0.025430192478452796
2121,0.8768366450007966,0.2766155051655217
2122,1.5990321166747228,0.49472925960868963
2123,1.1995997899468864,-0.2253334457063202
2124,1.5232630147582462,0.5251937813902745
2125,0.8803808980073319,-0.38813866222070703
2126,0.30178308271392434,0.5365111448262938
2127,-0.02886037514246144,0.15829016764188952
2129,0.920556640229513,0.02344873312471152
2130,1.7990695552574063,0.4784470641531253
2131,0.43481338012631066,0.39533089789466125
2132,1.1097414247900093,0.17943351893405768
2133,0.4215376075695755,0.14998689030856993
2134,-0.09522021393100377,0.16424750787265507
2135,-0.9947356358053623,0.4557078653871045
2137,1.1472487394934965,-0.030313223188824456
2138,0.917544029228518,0.16280107310556224
2139,0.6330662690341387,0.02172694927005625
2140,1.175097873526577,0.05726154286422158
2141,0.2532944141473393,-0.0034887799052543134
2142,0.49362938582301463,0.5998014387360613
2143,1.5944059448997245,0.34312821540722926
2145,0.9378733088371136,-0.5187652528594557
2146,-0.001198861815016981,1.9330872703975182
2147,1.4885070919784904,0.2921648124433549
2148,2.0566077165177035,-0.22141724298958199
2149,0.9685847675532763,0.20455081544262477
2150,-0.25038679477966636,0.8164232507688083
2151,1.040136202715592,0.11825457605520784
2153,-0.6281109509438257,-0.13394040942071117
2154,-0.6281109509438257,0.46747557900020564
2155,-0.6281109509438257,0.02481687830896573
2156,-0.6281109509438257,-0.033663687742419124
2157,-0.6281109509438257,0.11918507071941864
2158,-0.6281109509438257,-0.1007833895202026
2159,-0.6281109509438257,0.27780019751406226
2161,-0.9314023881404115,-0.20381064671945937
2162,-0.695357538204628,-0.12227403678625004
2163,0.829855867267637,0.6226141950252897
2164,0.8080110580347308,0.2060405870030979
2165,-0.7422523592675305,-0.3188067177427958
2166,0.26522537837966237,0.505416700718468
2167,0.513644234309986,-0.4264725782703459
2169,1.7364482639866599,0.15875175682283982
2170,1.7007720453058848,0.3720663118354064
2171,1.0789989649087155,0.028038601108962613
2172,1.0110513847837268,-0.14685948473638932
2173,1.5910815382410517,0.37847684602778053
2174,1.3424826922868578,0.12232623246490126
2175,1.48966264966418,0.17771714139291905
2177,-0.6281109509438257,-0.2698558074502513
2178,-2.119717009369846,0.36378031442391223
2179,-0.5129331971051343,-0.18777446704122558
2180,-0.4895848354179146,0.07453355494358038
2181,-0.6100476918912033,0.026748873322043343
2182,-0.9909274309481788,-0.38031712692239394
2183,-0.6290157503168397,0.1108949901154952
2185,0.16083323236035782,-0.001655181260026506
2186,0.8778621567316829,0.2738509003696359
2187,1.70934627992787,0.09926659901282786
2188,1.0276002332705758,0.314067130359585
2189,0.4104927187525658,0.3847585942883589
2190,-0.15023696723882285,0.13467568070504177
2191,-0.15134966822618132,0.025248394531832696
2193,-0.10285948325418696,0.2161365073599948
2194,-0.3141937853345312,0.12108947254714364
2195,-0.3048517305917943,0.3121240935620353
2196,-0.6281109509438257,0.563204734658755
2197,-0.6281109509438257,0.19896797148566892
2198,-1.433672796725783,0.0004401659734687424
2199,-1.4633208173575885,0.04732335630096207
2201,-0.06729702741558509,-0.26615727242760634
2202,-0.43283265748320365,0.10588386072444878
2203,-0.7066744069009229,0.7352240960422614
2204,0.1573153664297674,0.18678079766872524
2205,0.1934812462026941,0.3651187088910832
2206,0.2131436561233715,-0.15055888755969926
2207,-0.027089424461569925,0.11111638664916113
2209,-0.8126503207879543,-0.41548492619709365
2210,-0.7915161785991983,0.3289539015535996
2211,-0.9383920034370875,-0.12369540821454827
2212,-0.8183510725779637,0.30926772877338404
2213,-0.9689584305449908,-0.03923436525478641
2214,-0.9972607913948013,-0.0764900958882373
2215,-1.0904413007659173,0.03321649924253056
2217,-0.6281109509438257,0.04039192064850461
2218,-0.6281109509438257,0.034775160342950695
2219,-0.6281109509438257,0.06860065662860637
2220,-0.6281109509438257,0.1339680767761393
2221,-0.6281109509438257,0.13177333133503488
2222,0.14787202878028421,-0.028711391147195453
2223,0.35043285516428274,0.02217474285590937
2225,-0.3327462675868339,-0.01928421823601978
2226,0.16978379501567273,0.2811265509286327
2227,0.606505455196696,0.29752010923329597
2228,0.19193499923244642,0.20021700758738348
2229,-1.5891882075824129,-0.03929418826330877
2230,-2.149496446397707,0.2670458965396414
2231,-0.26807493405781485,0.13767989354076748
2233,-0.2565672820991484,0.1165111887658572
2234,0.400563912425886,0.0676435771933912
2235,0.8114056247982212,0.08804775545750387
2236,-0.4151065026512661,0.2705863993550697
2237,0.4287650309145495,0.3742645308398118
2238,0.06323579894248094,-0.13253606705306775
2239,0.24494527247374964,0.11927986283825143
2241,-0.6281109509438257,-0.13851685670045044
2242,-0.6281109509438257,0.298323870129398
2243,-0.6281109509438257,0.01431802282017225
2244,-0.6281109509438257,-0.12358306388479712
2245,-0.6281109509438257,0.049237533182421966
2246,-0.6281109509438257,-0.2960472427013624
2247,-0.6281109509438257,0.8087622331190665
2249,-0.28378063680975996,-0.36329089295498285
2250,0.3985977671214325,0.3766479518140713
2251,-0.15534576138995498,-0.018712718584141252
2252,-0.10464249219627404,-0.17742260923045794
2253,0.15378963465293657,0.18314251043077956
2254,-0.12853888442022157,0.3377423753394493
2255,0.9637222960262695,0.020116891351920074
2257,0.10257400694068433,0.0379745766737396
2258,-0.041682166734321846,0.3672554756507793
2259,0.5610306626538005,0.16127720323218186
2260,0.14522637977920844,0.24158634117949251
2261,0.5442373728586276,0.3075275664848558
2262,-0.020907258554281927,-0.07676642855631055
2263,0.17808782565561704,0.28030139819462674
2265,0.04334197906905573,-0.699971086816515
2266,0.4652620384868419,1.3167913770273767
2267,1.0408279998378847,0.0481677771594573
2268,0.9776467900607312,-0.016914043010070934
2269,0.09605234462236008,-0.1471421693259024
2270,-0.6335130438502908,0.12705834613440592
2271,1.0202217208048254,0.4684045530254739
2273,-0.6281109509438257,-0.15587877623325586
2274,-0.6281109509438257,0.08337055784272995
2275,2.495294759745916,0.2699683517091864
2276,1.3054188977836576,0.14626651402142476
2277,1.5912401688432751,0.17886157428259253
2278,2.0494720478636688,0.19508230919296055
2279,2.0630017169624564,0.09111822742312614
2281,-0.2609463284471572,-0.3415883157921812
2282,0.8385790258754029,0.5549792190094385
2283,1.2866216985129566,0.05742787495235868
2284,0.2939927161608448,-0.21749628219939865
2285,-0.8726123316271814,0.19891206544897755
2286,0.09338389277630661,0.2066068775052039
2287,0.8080027137504199,0.25400434301337405
2289,-1.3821754825178025,-0.5988972920688442
2290,-1.5010365607682095,0.7035573747264325
2291,-0.08565605850509032,0.6997458792779114
2292,-0.3461878716442068,-0.23323291920016997
2293,-1.2124485472210114,0.09047510478584164
2294,-2.0983025754539737,-0.12461945310828793
2295,-0.8696039616958603,-0.19785300930935268
2297,0.18478694795242304,0.1392469894627566
2298,0.20272576445204865,0.11170589777518414
2299,0.38543621151758123,0.0660303411405927
2300,0.757248884194564,0.27760134560066474
2301,-0.6179002635025416,0.3223506100596749
2302,-0.7445530057652017,-0.0836940291085575
2303,-0.8431118158851852,0.11813041042634254
2305,-0.6281109509438257,-0.08987663679605074
2306,-0.6281109509438257,0.07337278753347554
2307,-0.6281109509438257,-0.045698032168222436
2308,-0.6281109509438257,0.019237200625971118
2309,-0.6281109509438257,-0.14125187216927526
2310,-0.6281109509438257,-0.10854647499213521
2311,-0.6281109509438257,0.6984060035296171
2313,1.418275383632936,0.10191117278723771
2314,-0.034604753997186245,0.03861812331822456
2315,0.676000093203916,-0.015250182611682539
2316,0.7870832199637117,-0.2421365644063529
2317,0.3096539971543307,0.3591909343059807
2318,-1.1059348689429636,-0.020420273657179577
2319,-0.990109374830046,-0.034150778350956035
2321,-0.07440211657871958,0.043789304696406406
2322,0.7254994500303279,0.3410645744199623
2323,2.0951910384412935,0.4982311874532799
2324,2.368712469516387,0.020287562861738273
2325,0.42572853044651854,0.23717683233633347
2326,-2.184615081998588,0.1491135179464116
2327,2.1710241456406316,-0.08943232599158146
2329,0.08631278082528321,-0.03450208605503813
2330,0.33081670777226735,0.38514306391688025
2331,-0.3561144885085309,0.18102054316382699
2332,0.5073124551417314,0.19649238382794998
2333,-0.40249320463949817,0.13433041397068424
2334,-0.4030224706729265,0.038202222763088045
2335,0.48380275440626336,0.17106688430313666
2337,0.9648445252294349,-0.20920795058890274
2338,0.5288572755954404,0.2908098876227738
2339,1.1285145075383194,-0.00010649818523322807
2340,0.6065200921579992,0.05924718310602328
2341,0.0031665044478292066,0.3127962047784416
2342,-1.352398397134694,0.0264491991370428
2343,-1.393547103991227,-0.2789355223751393
2345,0.33120096652479597,-0.21396697036753032
2346,0.991165625375418,1.2117087886478672
2347,1.6001528294724785,0.19711970074687568
2348,1.920309622212216,-0.023932805915697797
2349,1.5366768288619426,-0.03741061434843829
2350,-0.19191989480100377,0.09677130064890482
2351,0.506650426598355,0.5352375328097898
2353,-0.24803158201462153,-0.1335049933750987
2354,-0.504413544968762,0.42747167229795835
2355,0.22262356590331314,0.3071517281135441
2356,-0.26262647320412996,0.19990186347799166
2357,-0.7972502264352526,0.6792778173510596
2358,-1.349581288903815,0.14836684364118202
2359,-0.7975306154718073,0.21610929514810429
